-- MySQL dump 10.13  Distrib 5.1.62, for debian-linux-gnu (i686)
--
-- Host: localhost    Database: symphony_dev
-- ------------------------------------------------------
-- Server version	5.1.62-0ubuntu0.11.10.1

/*!40101 SET @OLD_CHARACTER_SET_CLIENT=@@CHARACTER_SET_CLIENT */;
/*!40101 SET @OLD_CHARACTER_SET_RESULTS=@@CHARACTER_SET_RESULTS */;
/*!40101 SET @OLD_COLLATION_CONNECTION=@@COLLATION_CONNECTION */;
/*!40101 SET NAMES utf8 */;
/*!40103 SET @OLD_TIME_ZONE=@@TIME_ZONE */;
/*!40103 SET TIME_ZONE='+00:00' */;
/*!40014 SET @OLD_UNIQUE_CHECKS=@@UNIQUE_CHECKS, UNIQUE_CHECKS=0 */;
/*!40014 SET @OLD_FOREIGN_KEY_CHECKS=@@FOREIGN_KEY_CHECKS, FOREIGN_KEY_CHECKS=0 */;
/*!40101 SET @OLD_SQL_MODE=@@SQL_MODE, SQL_MODE='NO_AUTO_VALUE_ON_ZERO' */;
/*!40111 SET @OLD_SQL_NOTES=@@SQL_NOTES, SQL_NOTES=0 */;

--
-- Table structure for table `pcs_automata_automata_conditions`
--

DROP TABLE IF EXISTS `pcs_automata_automata_conditions`;
/*!40101 SET @saved_cs_client     = @@character_set_client */;
/*!40101 SET character_set_client = utf8 */;
CREATE TABLE `pcs_automata_automata_conditions` (
  `id_automata_condition` int(10) unsigned NOT NULL AUTO_INCREMENT,
  `id_element` int(10) unsigned NOT NULL,
  `name` varchar(50) COLLATE latin1_spanish_ci NOT NULL,
  PRIMARY KEY (`id_automata_condition`),
  KEY `fk_pcs_automata_automata_conditions_1` (`id_element`),
  CONSTRAINT `fk_pcs_automata_automata_conditions_1` FOREIGN KEY (`id_element`) REFERENCES `pcs_automata_elements` (`id_element`) ON DELETE NO ACTION ON UPDATE NO ACTION
) ENGINE=InnoDB AUTO_INCREMENT=8 DEFAULT CHARSET=latin1 COLLATE=latin1_spanish_ci;
/*!40101 SET character_set_client = @saved_cs_client */;

--
-- Dumping data for table `pcs_automata_automata_conditions`
--

LOCK TABLES `pcs_automata_automata_conditions` WRITE;
/*!40000 ALTER TABLE `pcs_automata_automata_conditions` DISABLE KEYS */;
INSERT INTO `pcs_automata_automata_conditions` VALUES (1,1,'Read'),(2,1,'Cancel'),(3,1,'Assign'),(4,1,'Work'),(5,1,'Resolve'),(6,1,'Close'),(7,1,'Open');
/*!40000 ALTER TABLE `pcs_automata_automata_conditions` ENABLE KEYS */;
UNLOCK TABLES;

--
-- Table structure for table `pcs_automata_automata_states`
--

DROP TABLE IF EXISTS `pcs_automata_automata_states`;
/*!40101 SET @saved_cs_client     = @@character_set_client */;
/*!40101 SET character_set_client = utf8 */;
CREATE TABLE `pcs_automata_automata_states` (
  `id_automata_state` int(10) unsigned NOT NULL AUTO_INCREMENT,
  `id_element` int(10) unsigned NOT NULL,
  `id_state_type` int(10) unsigned NOT NULL,
  `name` varchar(50) COLLATE latin1_spanish_ci NOT NULL,
  PRIMARY KEY (`id_automata_state`),
  KEY `fk_pcs_automata_automata_states_1` (`id_element`),
  KEY `fk_pcs_automata_automata_states_2` (`id_state_type`),
  CONSTRAINT `fk_pcs_automata_automata_states_1` FOREIGN KEY (`id_element`) REFERENCES `pcs_automata_elements` (`id_element`) ON DELETE NO ACTION ON UPDATE NO ACTION,
  CONSTRAINT `fk_pcs_automata_automata_states_2` FOREIGN KEY (`id_state_type`) REFERENCES `pcs_automata_state_types` (`id_state_type`) ON DELETE NO ACTION ON UPDATE NO ACTION
) ENGINE=InnoDB AUTO_INCREMENT=9 DEFAULT CHARSET=latin1 COLLATE=latin1_spanish_ci;
/*!40101 SET character_set_client = @saved_cs_client */;

--
-- Dumping data for table `pcs_automata_automata_states`
--

LOCK TABLES `pcs_automata_automata_states` WRITE;
/*!40000 ALTER TABLE `pcs_automata_automata_states` DISABLE KEYS */;
INSERT INTO `pcs_automata_automata_states` VALUES (1,1,1,'Unread'),(2,1,1,'Read'),(3,1,1,'Assigned'),(4,1,1,'Working'),(5,1,1,'Resolved'),(6,1,1,'Reopen'),(7,1,1,'Closed'),(8,1,1,'Canceled');
/*!40000 ALTER TABLE `pcs_automata_automata_states` ENABLE KEYS */;
UNLOCK TABLES;

--
-- Table structure for table `pcs_automata_elements`
--

DROP TABLE IF EXISTS `pcs_automata_elements`;
/*!40101 SET @saved_cs_client     = @@character_set_client */;
/*!40101 SET character_set_client = utf8 */;
CREATE TABLE `pcs_automata_elements` (
  `id_element` int(10) unsigned NOT NULL AUTO_INCREMENT,
  `name` varchar(50) COLLATE latin1_spanish_ci DEFAULT NULL,
  PRIMARY KEY (`id_element`)
) ENGINE=InnoDB AUTO_INCREMENT=2 DEFAULT CHARSET=latin1 COLLATE=latin1_spanish_ci;
/*!40101 SET character_set_client = @saved_cs_client */;

--
-- Dumping data for table `pcs_automata_elements`
--

LOCK TABLES `pcs_automata_elements` WRITE;
/*!40000 ALTER TABLE `pcs_automata_elements` DISABLE KEYS */;
INSERT INTO `pcs_automata_elements` VALUES (1,'ticket');
/*!40000 ALTER TABLE `pcs_automata_elements` ENABLE KEYS */;
UNLOCK TABLES;

--
-- Table structure for table `pcs_automata_machines`
--

DROP TABLE IF EXISTS `pcs_automata_machines`;
/*!40101 SET @saved_cs_client     = @@character_set_client */;
/*!40101 SET character_set_client = utf8 */;
CREATE TABLE `pcs_automata_machines` (
  `id_machine_transition` int(11) NOT NULL AUTO_INCREMENT,
  `id_automata_condition` int(10) unsigned NOT NULL,
  `id_automata_state` int(10) unsigned NOT NULL,
  `id_element` int(10) unsigned NOT NULL,
  `next_state` int(10) unsigned DEFAULT NULL,
  PRIMARY KEY (`id_machine_transition`),
  KEY `id_automata_state` (`id_automata_state`,`id_element`),
  KEY `fk_pcs_automata_machines_1` (`id_element`),
  KEY `fk_pcs_automata_machines_2` (`id_automata_condition`),
  KEY `fk_pcs_automata_machines_3` (`id_automata_state`),
  KEY `fk_pcs_automata_machines_4` (`next_state`),
  CONSTRAINT `fk_pcs_automata_machines_1` FOREIGN KEY (`id_element`) REFERENCES `pcs_automata_elements` (`id_element`) ON DELETE NO ACTION ON UPDATE NO ACTION,
  CONSTRAINT `fk_pcs_automata_machines_2` FOREIGN KEY (`id_automata_condition`) REFERENCES `pcs_automata_automata_conditions` (`id_automata_condition`) ON DELETE NO ACTION ON UPDATE NO ACTION,
  CONSTRAINT `fk_pcs_automata_machines_3` FOREIGN KEY (`id_automata_state`) REFERENCES `pcs_automata_automata_states` (`id_automata_state`) ON DELETE NO ACTION ON UPDATE NO ACTION,
  CONSTRAINT `fk_pcs_automata_machines_4` FOREIGN KEY (`next_state`) REFERENCES `pcs_automata_automata_states` (`id_automata_state`) ON DELETE NO ACTION ON UPDATE NO ACTION
) ENGINE=InnoDB AUTO_INCREMENT=15 DEFAULT CHARSET=latin1 COLLATE=latin1_spanish_ci;
/*!40101 SET character_set_client = @saved_cs_client */;

--
-- Dumping data for table `pcs_automata_machines`
--

LOCK TABLES `pcs_automata_machines` WRITE;
/*!40000 ALTER TABLE `pcs_automata_machines` DISABLE KEYS */;
INSERT INTO `pcs_automata_machines` VALUES (1,1,1,1,2),(2,3,2,1,3),(3,5,3,1,5),(4,6,5,1,7),(5,4,3,1,4),(6,5,4,1,5),(7,7,5,1,6),(8,3,6,1,3),(9,7,8,1,6),(10,6,8,1,7),(11,2,1,1,8),(12,2,2,1,8),(13,2,3,1,8),(14,2,4,1,8);
/*!40000 ALTER TABLE `pcs_automata_machines` ENABLE KEYS */;
UNLOCK TABLES;

--
-- Table structure for table `pcs_automata_state_types`
--

DROP TABLE IF EXISTS `pcs_automata_state_types`;
/*!40101 SET @saved_cs_client     = @@character_set_client */;
/*!40101 SET character_set_client = utf8 */;
CREATE TABLE `pcs_automata_state_types` (
  `id_state_type` int(10) unsigned NOT NULL AUTO_INCREMENT,
  `name` varchar(40) COLLATE latin1_spanish_ci DEFAULT NULL,
  PRIMARY KEY (`id_state_type`)
) ENGINE=InnoDB AUTO_INCREMENT=3 DEFAULT CHARSET=latin1 COLLATE=latin1_spanish_ci;
/*!40101 SET character_set_client = @saved_cs_client */;

--
-- Dumping data for table `pcs_automata_state_types`
--

LOCK TABLES `pcs_automata_state_types` WRITE;
/*!40000 ALTER TABLE `pcs_automata_state_types` DISABLE KEYS */;
INSERT INTO `pcs_automata_state_types` VALUES (1,'transitional'),(2,'final');
/*!40000 ALTER TABLE `pcs_automata_state_types` ENABLE KEYS */;
UNLOCK TABLES;

--
-- Table structure for table `pcs_common_access_role_logs`
--

DROP TABLE IF EXISTS `pcs_common_access_role_logs`;
/*!40101 SET @saved_cs_client     = @@character_set_client */;
/*!40101 SET character_set_client = utf8 */;
CREATE TABLE `pcs_common_access_role_logs` (
  `id_access_role_log` int(11) unsigned NOT NULL AUTO_INCREMENT,
  `id_access_role` int(11) unsigned NOT NULL,
  `id_user` int(11) unsigned NOT NULL,
  `date_log` timestamp NOT NULL DEFAULT CURRENT_TIMESTAMP ON UPDATE CURRENT_TIMESTAMP,
  `event_type` int(2) unsigned NOT NULL,
  `note` text COLLATE latin1_spanish_ci,
  PRIMARY KEY (`id_access_role_log`),
  KEY `fk_pcs_common_access_role_logs_pcs_common_access_roles1` (`id_access_role`),
  KEY `fk_pcs_common_access_role_logs_pcs_common_users1` (`id_user`),
  CONSTRAINT `fk_pcs_common_access_role_logs_pcs_common_access_roles1` FOREIGN KEY (`id_access_role`) REFERENCES `pcs_common_access_roles` (`id_access_role`) ON DELETE NO ACTION ON UPDATE NO ACTION,
  CONSTRAINT `fk_pcs_common_access_role_logs_pcs_common_users1` FOREIGN KEY (`id_user`) REFERENCES `pcs_common_users` (`id_user`) ON DELETE NO ACTION ON UPDATE NO ACTION
) ENGINE=InnoDB DEFAULT CHARSET=latin1 COLLATE=latin1_spanish_ci;
/*!40101 SET character_set_client = @saved_cs_client */;

--
-- Dumping data for table `pcs_common_access_role_logs`
--

LOCK TABLES `pcs_common_access_role_logs` WRITE;
/*!40000 ALTER TABLE `pcs_common_access_role_logs` DISABLE KEYS */;
/*!40000 ALTER TABLE `pcs_common_access_role_logs` ENABLE KEYS */;
UNLOCK TABLES;

--
-- Table structure for table `pcs_common_access_roles`
--

DROP TABLE IF EXISTS `pcs_common_access_roles`;
/*!40101 SET @saved_cs_client     = @@character_set_client */;
/*!40101 SET character_set_client = utf8 */;
CREATE TABLE `pcs_common_access_roles` (
  `id_access_role` int(11) unsigned NOT NULL AUTO_INCREMENT,
  `name` varchar(50) COLLATE latin1_spanish_ci NOT NULL,
  `status` int(4) unsigned NOT NULL,
  PRIMARY KEY (`id_access_role`),
  UNIQUE KEY `unique_access_roles` (`name`)
) ENGINE=InnoDB AUTO_INCREMENT=2 DEFAULT CHARSET=latin1 COLLATE=latin1_spanish_ci;
/*!40101 SET character_set_client = @saved_cs_client */;

--
-- Dumping data for table `pcs_common_access_roles`
--

LOCK TABLES `pcs_common_access_roles` WRITE;
/*!40000 ALTER TABLE `pcs_common_access_roles` DISABLE KEYS */;
INSERT INTO `pcs_common_access_roles` VALUES (1,'Administrador',1);
/*!40000 ALTER TABLE `pcs_common_access_roles` ENABLE KEYS */;
UNLOCK TABLES;

--
-- Table structure for table `pcs_common_addresses`
--

DROP TABLE IF EXISTS `pcs_common_addresses`;
/*!40101 SET @saved_cs_client     = @@character_set_client */;
/*!40101 SET character_set_client = utf8 */;
CREATE TABLE `pcs_common_addresses` (
  `id_address` int(11) unsigned NOT NULL AUTO_INCREMENT,
  `zip_code` varchar(5) COLLATE latin1_spanish_ci NOT NULL COMMENT 'Codigo postal',
  `street` varchar(255) COLLATE latin1_spanish_ci NOT NULL COMMENT 'Calle y numero',
  `settlement` varchar(255) COLLATE latin1_spanish_ci NOT NULL COMMENT 'Colonia\n',
  `district` varchar(255) COLLATE latin1_spanish_ci NOT NULL COMMENT 'Delegacion o municipio',
  `city` varchar(255) COLLATE latin1_spanish_ci DEFAULT NULL COMMENT 'Ciudad',
  `state` varchar(240) COLLATE latin1_spanish_ci NOT NULL,
  `country` varchar(30) COLLATE latin1_spanish_ci NOT NULL COMMENT 'Pais',
  PRIMARY KEY (`id_address`)
) ENGINE=InnoDB DEFAULT CHARSET=latin1 COLLATE=latin1_spanish_ci;
/*!40101 SET character_set_client = @saved_cs_client */;

--
-- Dumping data for table `pcs_common_addresses`
--

LOCK TABLES `pcs_common_addresses` WRITE;
/*!40000 ALTER TABLE `pcs_common_addresses` DISABLE KEYS */;
/*!40000 ALTER TABLE `pcs_common_addresses` ENABLE KEYS */;
UNLOCK TABLES;

--
-- Table structure for table `pcs_common_calendar`
--

DROP TABLE IF EXISTS `pcs_common_calendar`;
/*!40101 SET @saved_cs_client     = @@character_set_client */;
/*!40101 SET character_set_client = utf8 */;
CREATE TABLE `pcs_common_calendar` (
  `id_calendar` int(11) unsigned NOT NULL AUTO_INCREMENT,
  `date` date NOT NULL,
  `is_weekend` tinyint(1) NOT NULL DEFAULT '0',
  `is_holiday` tinyint(1) NOT NULL DEFAULT '0',
  `name_holiday` varchar(45) COLLATE latin1_spanish_ci DEFAULT NULL,
  PRIMARY KEY (`id_calendar`),
  UNIQUE KEY `date_UNIQUE` (`date`)
) ENGINE=InnoDB AUTO_INCREMENT=1097 DEFAULT CHARSET=latin1 COLLATE=latin1_spanish_ci;
/*!40101 SET character_set_client = @saved_cs_client */;

--
-- Dumping data for table `pcs_common_calendar`
--

LOCK TABLES `pcs_common_calendar` WRITE;
/*!40000 ALTER TABLE `pcs_common_calendar` DISABLE KEYS */;
INSERT INTO `pcs_common_calendar` VALUES (1,'2012-01-01',1,0,NULL),(2,'2012-01-02',0,0,''),(3,'2012-01-03',0,0,NULL),(4,'2012-01-04',0,0,NULL),(5,'2012-01-05',0,0,NULL),(6,'2012-01-06',0,0,NULL),(7,'2012-01-07',1,0,NULL),(8,'2012-01-08',1,0,NULL),(9,'2012-01-09',0,0,NULL),(10,'2012-01-10',0,0,NULL),(11,'2012-01-11',0,0,NULL),(12,'2012-01-12',0,0,NULL),(13,'2012-01-13',0,0,NULL),(14,'2012-01-14',1,0,NULL),(15,'2012-01-15',1,0,NULL),(16,'2012-01-16',0,0,NULL),(17,'2012-01-17',0,0,NULL),(18,'2012-01-18',0,0,NULL),(19,'2012-01-19',0,0,NULL),(20,'2012-01-20',0,0,NULL),(21,'2012-01-21',1,0,NULL),(22,'2012-01-22',1,0,NULL),(23,'2012-01-23',0,0,NULL),(24,'2012-01-24',0,0,NULL),(25,'2012-01-25',0,0,NULL),(26,'2012-01-26',0,0,NULL),(27,'2012-01-27',0,0,NULL),(28,'2012-01-28',1,0,NULL),(29,'2012-01-29',1,0,NULL),(30,'2012-01-30',0,0,NULL),(31,'2012-01-31',0,0,NULL),(32,'2012-02-01',0,0,NULL),(33,'2012-02-02',0,0,NULL),(34,'2012-02-03',0,0,NULL),(35,'2012-02-04',1,0,NULL),(36,'2012-02-05',1,0,NULL),(37,'2012-02-06',0,0,NULL),(38,'2012-02-07',0,0,NULL),(39,'2012-02-08',0,0,NULL),(40,'2012-02-09',0,0,NULL),(41,'2012-02-10',0,0,NULL),(42,'2012-02-11',1,0,NULL),(43,'2012-02-12',1,0,NULL),(44,'2012-02-13',0,0,NULL),(45,'2012-02-14',0,0,NULL),(46,'2012-02-15',0,0,NULL),(47,'2012-02-16',0,0,NULL),(48,'2012-02-17',0,0,NULL),(49,'2012-02-18',1,0,NULL),(50,'2012-02-19',1,0,NULL),(51,'2012-02-20',0,0,NULL),(52,'2012-02-21',0,0,NULL),(53,'2012-02-22',0,0,NULL),(54,'2012-02-23',0,0,NULL),(55,'2012-02-24',0,0,NULL),(56,'2012-02-25',1,0,NULL),(57,'2012-02-26',1,0,NULL),(58,'2012-02-27',0,0,NULL),(59,'2012-02-28',0,0,NULL),(60,'2012-02-29',0,0,NULL),(61,'2012-03-01',0,0,''),(62,'2012-03-02',0,0,NULL),(63,'2012-03-03',1,0,NULL),(64,'2012-03-04',1,0,NULL),(65,'2012-03-05',0,0,NULL),(66,'2012-03-06',0,0,''),(67,'2012-03-07',0,0,NULL),(68,'2012-03-08',0,0,NULL),(69,'2012-03-09',0,0,NULL),(70,'2012-03-10',1,0,NULL),(71,'2012-03-11',1,0,NULL),(72,'2012-03-12',0,0,NULL),(73,'2012-03-13',0,0,NULL),(74,'2012-03-14',0,0,NULL),(75,'2012-03-15',0,0,''),(76,'2012-03-16',0,0,NULL),(77,'2012-03-17',1,0,NULL),(78,'2012-03-18',1,0,NULL),(79,'2012-03-19',0,0,NULL),(80,'2012-03-20',0,0,''),(81,'2012-03-21',0,0,''),(82,'2012-03-22',0,0,''),(83,'2012-03-23',0,0,NULL),(84,'2012-03-24',1,0,NULL),(85,'2012-03-25',1,0,NULL),(86,'2012-03-26',0,0,NULL),(87,'2012-03-27',0,0,NULL),(88,'2012-03-28',0,0,NULL),(89,'2012-03-29',0,0,''),(90,'2012-03-30',0,0,NULL),(91,'2012-03-31',1,0,NULL),(92,'2012-04-01',1,0,NULL),(93,'2012-04-02',0,0,NULL),(94,'2012-04-03',0,0,NULL),(95,'2012-04-04',0,0,NULL),(96,'2012-04-05',0,0,NULL),(97,'2012-04-06',0,0,NULL),(98,'2012-04-07',1,0,NULL),(99,'2012-04-08',1,0,NULL),(100,'2012-04-09',0,0,NULL),(101,'2012-04-10',0,0,NULL),(102,'2012-04-11',0,0,''),(103,'2012-04-12',0,0,NULL),(104,'2012-04-13',0,0,NULL),(105,'2012-04-14',1,0,NULL),(106,'2012-04-15',1,0,NULL),(107,'2012-04-16',0,0,NULL),(108,'2012-04-17',0,0,NULL),(109,'2012-04-18',0,0,NULL),(110,'2012-04-19',0,0,NULL),(111,'2012-04-20',0,0,NULL),(112,'2012-04-21',1,0,NULL),(113,'2012-04-22',1,0,NULL),(114,'2012-04-23',0,0,NULL),(115,'2012-04-24',0,0,NULL),(116,'2012-04-25',0,0,NULL),(117,'2012-04-26',0,0,NULL),(118,'2012-04-27',0,0,NULL),(119,'2012-04-28',1,0,NULL),(120,'2012-04-29',1,0,NULL),(121,'2012-04-30',0,0,''),(122,'2012-05-01',0,0,NULL),(123,'2012-05-02',0,0,NULL),(124,'2012-05-03',0,0,NULL),(125,'2012-05-04',0,0,NULL),(126,'2012-05-05',1,0,NULL),(127,'2012-05-06',1,0,NULL),(128,'2012-05-07',0,0,NULL),(129,'2012-05-08',0,0,NULL),(130,'2012-05-09',0,0,NULL),(131,'2012-05-10',0,0,NULL),(132,'2012-05-11',0,0,NULL),(133,'2012-05-12',1,0,NULL),(134,'2012-05-13',1,0,NULL),(135,'2012-05-14',0,0,NULL),(136,'2012-05-15',0,0,NULL),(137,'2012-05-16',0,0,NULL),(138,'2012-05-17',0,0,NULL),(139,'2012-05-18',0,0,NULL),(140,'2012-05-19',1,0,NULL),(141,'2012-05-20',1,0,NULL),(142,'2012-05-21',0,0,NULL),(143,'2012-05-22',0,0,NULL),(144,'2012-05-23',0,0,NULL),(145,'2012-05-24',0,0,NULL),(146,'2012-05-25',0,0,NULL),(147,'2012-05-26',1,0,NULL),(148,'2012-05-27',1,0,NULL),(149,'2012-05-28',0,0,NULL),(150,'2012-05-29',0,0,NULL),(151,'2012-05-30',0,0,NULL),(152,'2012-05-31',0,0,NULL),(153,'2012-06-01',0,0,NULL),(154,'2012-06-02',1,0,NULL),(155,'2012-06-03',1,0,NULL),(156,'2012-06-04',0,0,NULL),(157,'2012-06-05',0,0,NULL),(158,'2012-06-06',0,0,NULL),(159,'2012-06-07',0,0,NULL),(160,'2012-06-08',0,0,NULL),(161,'2012-06-09',1,0,NULL),(162,'2012-06-10',1,0,NULL),(163,'2012-06-11',0,0,NULL),(164,'2012-06-12',0,0,NULL),(165,'2012-06-13',0,0,NULL),(166,'2012-06-14',0,0,NULL),(167,'2012-06-15',0,0,NULL),(168,'2012-06-16',1,0,NULL),(169,'2012-06-17',1,0,NULL),(170,'2012-06-18',0,0,NULL),(171,'2012-06-19',0,0,NULL),(172,'2012-06-20',0,0,NULL),(173,'2012-06-21',0,0,NULL),(174,'2012-06-22',0,0,NULL),(175,'2012-06-23',1,0,NULL),(176,'2012-06-24',1,0,NULL),(177,'2012-06-25',0,0,NULL),(178,'2012-06-26',0,0,NULL),(179,'2012-06-27',0,0,NULL),(180,'2012-06-28',0,0,NULL),(181,'2012-06-29',0,0,NULL),(182,'2012-06-30',1,0,NULL),(183,'2012-07-01',1,0,NULL),(184,'2012-07-02',0,0,NULL),(185,'2012-07-03',0,0,NULL),(186,'2012-07-04',0,0,NULL),(187,'2012-07-05',0,0,NULL),(188,'2012-07-06',0,0,NULL),(189,'2012-07-07',1,0,NULL),(190,'2012-07-08',1,0,NULL),(191,'2012-07-09',0,0,NULL),(192,'2012-07-10',0,0,NULL),(193,'2012-07-11',0,0,NULL),(194,'2012-07-12',0,0,NULL),(195,'2012-07-13',0,0,NULL),(196,'2012-07-14',1,0,NULL),(197,'2012-07-15',1,0,NULL),(198,'2012-07-16',0,0,NULL),(199,'2012-07-17',0,0,NULL),(200,'2012-07-18',0,0,NULL),(201,'2012-07-19',0,0,NULL),(202,'2012-07-20',0,0,NULL),(203,'2012-07-21',1,0,NULL),(204,'2012-07-22',1,0,NULL),(205,'2012-07-23',0,0,NULL),(206,'2012-07-24',0,0,NULL),(207,'2012-07-25',0,0,NULL),(208,'2012-07-26',0,0,NULL),(209,'2012-07-27',0,0,NULL),(210,'2012-07-28',1,0,NULL),(211,'2012-07-29',1,0,NULL),(212,'2012-07-30',0,0,NULL),(213,'2012-07-31',0,0,NULL),(214,'2012-08-01',0,0,NULL),(215,'2012-08-02',0,0,NULL),(216,'2012-08-03',0,0,NULL),(217,'2012-08-04',1,0,NULL),(218,'2012-08-05',1,0,NULL),(219,'2012-08-06',0,0,NULL),(220,'2012-08-07',0,0,NULL),(221,'2012-08-08',0,0,NULL),(222,'2012-08-09',0,0,NULL),(223,'2012-08-10',0,0,NULL),(224,'2012-08-11',1,0,NULL),(225,'2012-08-12',1,0,NULL),(226,'2012-08-13',0,0,NULL),(227,'2012-08-14',0,0,NULL),(228,'2012-08-15',0,0,NULL),(229,'2012-08-16',0,0,NULL),(230,'2012-08-17',0,0,NULL),(231,'2012-08-18',1,0,NULL),(232,'2012-08-19',1,0,NULL),(233,'2012-08-20',0,0,NULL),(234,'2012-08-21',0,0,NULL),(235,'2012-08-22',0,0,NULL),(236,'2012-08-23',0,0,NULL),(237,'2012-08-24',0,0,NULL),(238,'2012-08-25',1,0,NULL),(239,'2012-08-26',1,0,NULL),(240,'2012-08-27',0,0,NULL),(241,'2012-08-28',0,0,NULL),(242,'2012-08-29',0,0,NULL),(243,'2012-08-30',0,0,NULL),(244,'2012-08-31',0,0,NULL),(245,'2012-09-01',1,0,NULL),(246,'2012-09-02',1,0,NULL),(247,'2012-09-03',0,0,NULL),(248,'2012-09-04',0,0,NULL),(249,'2012-09-05',0,0,NULL),(250,'2012-09-06',0,0,NULL),(251,'2012-09-07',0,0,NULL),(252,'2012-09-08',1,0,NULL),(253,'2012-09-09',1,0,NULL),(254,'2012-09-10',0,0,NULL),(255,'2012-09-11',0,0,NULL),(256,'2012-09-12',0,0,NULL),(257,'2012-09-13',0,0,NULL),(258,'2012-09-14',0,0,NULL),(259,'2012-09-15',1,0,NULL),(260,'2012-09-16',1,0,NULL),(261,'2012-09-17',0,0,NULL),(262,'2012-09-18',0,0,NULL),(263,'2012-09-19',0,0,NULL),(264,'2012-09-20',0,0,NULL),(265,'2012-09-21',0,0,NULL),(266,'2012-09-22',1,0,NULL),(267,'2012-09-23',1,0,NULL),(268,'2012-09-24',0,0,NULL),(269,'2012-09-25',0,0,NULL),(270,'2012-09-26',0,0,NULL),(271,'2012-09-27',0,0,NULL),(272,'2012-09-28',0,0,NULL),(273,'2012-09-29',1,0,NULL),(274,'2012-09-30',1,0,NULL),(275,'2012-10-01',0,0,NULL),(276,'2012-10-02',0,0,NULL),(277,'2012-10-03',0,0,NULL),(278,'2012-10-04',0,0,NULL),(279,'2012-10-05',0,0,NULL),(280,'2012-10-06',1,0,NULL),(281,'2012-10-07',1,0,NULL),(282,'2012-10-08',0,0,NULL),(283,'2012-10-09',0,0,NULL),(284,'2012-10-10',0,0,NULL),(285,'2012-10-11',0,0,NULL),(286,'2012-10-12',0,0,NULL),(287,'2012-10-13',1,0,NULL),(288,'2012-10-14',1,0,NULL),(289,'2012-10-15',0,0,NULL),(290,'2012-10-16',0,0,NULL),(291,'2012-10-17',0,0,NULL),(292,'2012-10-18',0,0,NULL),(293,'2012-10-19',0,0,NULL),(294,'2012-10-20',1,0,NULL),(295,'2012-10-21',1,0,NULL),(296,'2012-10-22',0,0,NULL),(297,'2012-10-23',0,0,NULL),(298,'2012-10-24',0,0,NULL),(299,'2012-10-25',0,0,NULL),(300,'2012-10-26',0,0,NULL),(301,'2012-10-27',1,0,NULL),(302,'2012-10-28',1,0,NULL),(303,'2012-10-29',0,0,NULL),(304,'2012-10-30',0,0,NULL),(305,'2012-10-31',0,0,NULL),(306,'2012-11-01',0,0,NULL),(307,'2012-11-02',0,0,NULL),(308,'2012-11-03',1,0,NULL),(309,'2012-11-04',1,0,NULL),(310,'2012-11-05',0,0,NULL),(311,'2012-11-06',0,0,NULL),(312,'2012-11-07',0,0,NULL),(313,'2012-11-08',0,0,NULL),(314,'2012-11-09',0,0,NULL),(315,'2012-11-10',1,0,NULL),(316,'2012-11-11',1,0,NULL),(317,'2012-11-12',0,0,NULL),(318,'2012-11-13',0,0,NULL),(319,'2012-11-14',0,0,NULL),(320,'2012-11-15',0,0,NULL),(321,'2012-11-16',0,0,NULL),(322,'2012-11-17',1,0,NULL),(323,'2012-11-18',1,0,NULL),(324,'2012-11-19',0,0,NULL),(325,'2012-11-20',0,0,NULL),(326,'2012-11-21',0,0,NULL),(327,'2012-11-22',0,0,NULL),(328,'2012-11-23',0,0,NULL),(329,'2012-11-24',1,0,NULL),(330,'2012-11-25',1,0,NULL),(331,'2012-11-26',0,0,NULL),(332,'2012-11-27',0,0,NULL),(333,'2012-11-28',0,0,NULL),(334,'2012-11-29',0,0,NULL),(335,'2012-11-30',0,0,NULL),(336,'2012-12-01',1,0,NULL),(337,'2012-12-02',1,0,NULL),(338,'2012-12-03',0,0,NULL),(339,'2012-12-04',0,0,NULL),(340,'2012-12-05',0,0,NULL),(341,'2012-12-06',0,0,NULL),(342,'2012-12-07',0,0,NULL),(343,'2012-12-08',1,0,NULL),(344,'2012-12-09',1,0,NULL),(345,'2012-12-10',0,0,NULL),(346,'2012-12-11',0,0,NULL),(347,'2012-12-12',0,0,NULL),(348,'2012-12-13',0,0,NULL),(349,'2012-12-14',0,0,NULL),(350,'2012-12-15',1,0,NULL),(351,'2012-12-16',1,0,NULL),(352,'2012-12-17',0,0,NULL),(353,'2012-12-18',0,0,NULL),(354,'2012-12-19',0,0,NULL),(355,'2012-12-20',0,0,NULL),(356,'2012-12-21',0,0,NULL),(357,'2012-12-22',1,0,NULL),(358,'2012-12-23',1,0,NULL),(359,'2012-12-24',0,0,NULL),(360,'2012-12-25',0,0,NULL),(361,'2012-12-26',0,0,NULL),(362,'2012-12-27',0,0,NULL),(363,'2012-12-28',0,0,NULL),(364,'2012-12-29',1,0,NULL),(365,'2012-12-30',1,0,NULL),(366,'2012-12-31',0,0,NULL),(367,'2013-01-01',0,0,NULL),(368,'2013-01-02',0,0,NULL),(369,'2013-01-03',0,0,NULL),(370,'2013-01-04',0,0,NULL),(371,'2013-01-05',1,0,NULL),(372,'2013-01-06',1,0,NULL),(373,'2013-01-07',0,0,NULL),(374,'2013-01-08',0,0,NULL),(375,'2013-01-09',0,0,NULL),(376,'2013-01-10',0,0,NULL),(377,'2013-01-11',0,0,NULL),(378,'2013-01-12',1,0,NULL),(379,'2013-01-13',1,0,NULL),(380,'2013-01-14',0,0,NULL),(381,'2013-01-15',0,0,NULL),(382,'2013-01-16',0,0,NULL),(383,'2013-01-17',0,0,NULL),(384,'2013-01-18',0,0,NULL),(385,'2013-01-19',1,0,NULL),(386,'2013-01-20',1,0,NULL),(387,'2013-01-21',0,0,NULL),(388,'2013-01-22',0,0,NULL),(389,'2013-01-23',0,0,NULL),(390,'2013-01-24',0,0,NULL),(391,'2013-01-25',0,0,NULL),(392,'2013-01-26',1,0,NULL),(393,'2013-01-27',1,0,NULL),(394,'2013-01-28',0,0,NULL),(395,'2013-01-29',0,0,NULL),(396,'2013-01-30',0,0,NULL),(397,'2013-01-31',0,0,NULL),(398,'2013-02-01',0,0,NULL),(399,'2013-02-02',1,0,NULL),(400,'2013-02-03',1,0,NULL),(401,'2013-02-04',0,0,NULL),(402,'2013-02-05',0,0,NULL),(403,'2013-02-06',0,0,NULL),(404,'2013-02-07',0,0,NULL),(405,'2013-02-08',0,0,NULL),(406,'2013-02-09',1,0,NULL),(407,'2013-02-10',1,0,NULL),(408,'2013-02-11',0,0,NULL),(409,'2013-02-12',0,0,NULL),(410,'2013-02-13',0,0,NULL),(411,'2013-02-14',0,0,NULL),(412,'2013-02-15',0,0,NULL),(413,'2013-02-16',1,0,NULL),(414,'2013-02-17',1,0,NULL),(415,'2013-02-18',0,0,NULL),(416,'2013-02-19',0,0,NULL),(417,'2013-02-20',0,0,NULL),(418,'2013-02-21',0,0,NULL),(419,'2013-02-22',0,0,NULL),(420,'2013-02-23',1,0,NULL),(421,'2013-02-24',1,0,NULL),(422,'2013-02-25',0,0,NULL),(423,'2013-02-26',0,0,NULL),(424,'2013-02-27',0,0,NULL),(425,'2013-02-28',0,0,NULL),(426,'2013-03-01',0,0,NULL),(427,'2013-03-02',1,0,NULL),(428,'2013-03-03',1,0,NULL),(429,'2013-03-04',0,0,NULL),(430,'2013-03-05',0,0,NULL),(431,'2013-03-06',0,0,NULL),(432,'2013-03-07',0,0,NULL),(433,'2013-03-08',0,0,NULL),(434,'2013-03-09',1,0,NULL),(435,'2013-03-10',1,0,NULL),(436,'2013-03-11',0,0,NULL),(437,'2013-03-12',0,0,NULL),(438,'2013-03-13',0,0,NULL),(439,'2013-03-14',0,0,NULL),(440,'2013-03-15',0,0,NULL),(441,'2013-03-16',1,0,NULL),(442,'2013-03-17',1,0,NULL),(443,'2013-03-18',0,0,NULL),(444,'2013-03-19',0,0,NULL),(445,'2013-03-20',0,0,NULL),(446,'2013-03-21',0,0,NULL),(447,'2013-03-22',0,0,NULL),(448,'2013-03-23',1,0,NULL),(449,'2013-03-24',1,0,NULL),(450,'2013-03-25',0,0,NULL),(451,'2013-03-26',0,0,NULL),(452,'2013-03-27',0,0,NULL),(453,'2013-03-28',0,0,NULL),(454,'2013-03-29',0,0,NULL),(455,'2013-03-30',1,0,NULL),(456,'2013-03-31',1,0,NULL),(457,'2013-04-01',0,0,NULL),(458,'2013-04-02',0,0,NULL),(459,'2013-04-03',0,0,NULL),(460,'2013-04-04',0,0,NULL),(461,'2013-04-05',0,0,NULL),(462,'2013-04-06',1,0,NULL),(463,'2013-04-07',1,0,NULL),(464,'2013-04-08',0,0,NULL),(465,'2013-04-09',0,0,NULL),(466,'2013-04-10',0,0,NULL),(467,'2013-04-11',0,0,NULL),(468,'2013-04-12',0,0,NULL),(469,'2013-04-13',1,0,NULL),(470,'2013-04-14',1,0,NULL),(471,'2013-04-15',0,0,NULL),(472,'2013-04-16',0,0,NULL),(473,'2013-04-17',0,0,NULL),(474,'2013-04-18',0,0,NULL),(475,'2013-04-19',0,0,NULL),(476,'2013-04-20',1,0,NULL),(477,'2013-04-21',1,0,NULL),(478,'2013-04-22',0,0,NULL),(479,'2013-04-23',0,0,NULL),(480,'2013-04-24',0,0,NULL),(481,'2013-04-25',0,0,NULL),(482,'2013-04-26',0,0,NULL),(483,'2013-04-27',1,0,NULL),(484,'2013-04-28',1,0,NULL),(485,'2013-04-29',0,0,NULL),(486,'2013-04-30',0,0,NULL),(487,'2013-05-01',0,0,NULL),(488,'2013-05-02',0,0,NULL),(489,'2013-05-03',0,0,NULL),(490,'2013-05-04',1,0,NULL),(491,'2013-05-05',1,0,NULL),(492,'2013-05-06',0,0,NULL),(493,'2013-05-07',0,0,NULL),(494,'2013-05-08',0,0,NULL),(495,'2013-05-09',0,0,NULL),(496,'2013-05-10',0,0,NULL),(497,'2013-05-11',1,0,NULL),(498,'2013-05-12',1,0,NULL),(499,'2013-05-13',0,0,NULL),(500,'2013-05-14',0,0,NULL),(501,'2013-05-15',0,0,NULL),(502,'2013-05-16',0,0,NULL),(503,'2013-05-17',0,0,NULL),(504,'2013-05-18',1,0,NULL),(505,'2013-05-19',1,0,NULL),(506,'2013-05-20',0,0,NULL),(507,'2013-05-21',0,0,NULL),(508,'2013-05-22',0,0,NULL),(509,'2013-05-23',0,0,NULL),(510,'2013-05-24',0,0,NULL),(511,'2013-05-25',1,0,NULL),(512,'2013-05-26',1,0,NULL),(513,'2013-05-27',0,0,NULL),(514,'2013-05-28',0,0,NULL),(515,'2013-05-29',0,0,NULL),(516,'2013-05-30',0,0,NULL),(517,'2013-05-31',0,0,NULL),(518,'2013-06-01',1,0,NULL),(519,'2013-06-02',1,0,NULL),(520,'2013-06-03',0,0,NULL),(521,'2013-06-04',0,0,NULL),(522,'2013-06-05',0,0,NULL),(523,'2013-06-06',0,0,NULL),(524,'2013-06-07',0,0,NULL),(525,'2013-06-08',1,0,NULL),(526,'2013-06-09',1,0,NULL),(527,'2013-06-10',0,0,NULL),(528,'2013-06-11',0,0,NULL),(529,'2013-06-12',0,0,NULL),(530,'2013-06-13',0,0,NULL),(531,'2013-06-14',0,0,NULL),(532,'2013-06-15',1,0,NULL),(533,'2013-06-16',1,0,NULL),(534,'2013-06-17',0,0,NULL),(535,'2013-06-18',0,0,NULL),(536,'2013-06-19',0,0,NULL),(537,'2013-06-20',0,0,NULL),(538,'2013-06-21',0,0,NULL),(539,'2013-06-22',1,0,NULL),(540,'2013-06-23',1,0,NULL),(541,'2013-06-24',0,0,NULL),(542,'2013-06-25',0,0,NULL),(543,'2013-06-26',0,0,NULL),(544,'2013-06-27',0,0,NULL),(545,'2013-06-28',0,0,NULL),(546,'2013-06-29',1,0,NULL),(547,'2013-06-30',1,0,NULL),(548,'2013-07-01',0,0,NULL),(549,'2013-07-02',0,0,NULL),(550,'2013-07-03',0,0,NULL),(551,'2013-07-04',0,0,NULL),(552,'2013-07-05',0,0,NULL),(553,'2013-07-06',1,0,NULL),(554,'2013-07-07',1,0,NULL),(555,'2013-07-08',0,0,NULL),(556,'2013-07-09',0,0,NULL),(557,'2013-07-10',0,0,NULL),(558,'2013-07-11',0,0,NULL),(559,'2013-07-12',0,0,NULL),(560,'2013-07-13',1,0,NULL),(561,'2013-07-14',1,0,NULL),(562,'2013-07-15',0,0,NULL),(563,'2013-07-16',0,0,NULL),(564,'2013-07-17',0,0,NULL),(565,'2013-07-18',0,0,NULL),(566,'2013-07-19',0,0,NULL),(567,'2013-07-20',1,0,NULL),(568,'2013-07-21',1,0,NULL),(569,'2013-07-22',0,0,NULL),(570,'2013-07-23',0,0,NULL),(571,'2013-07-24',0,0,NULL),(572,'2013-07-25',0,0,NULL),(573,'2013-07-26',0,0,NULL),(574,'2013-07-27',1,0,NULL),(575,'2013-07-28',1,0,NULL),(576,'2013-07-29',0,0,NULL),(577,'2013-07-30',0,0,NULL),(578,'2013-07-31',0,0,NULL),(579,'2013-08-01',0,0,NULL),(580,'2013-08-02',0,0,NULL),(581,'2013-08-03',1,0,NULL),(582,'2013-08-04',1,0,NULL),(583,'2013-08-05',0,0,NULL),(584,'2013-08-06',0,0,NULL),(585,'2013-08-07',0,0,NULL),(586,'2013-08-08',0,0,NULL),(587,'2013-08-09',0,0,NULL),(588,'2013-08-10',1,0,NULL),(589,'2013-08-11',1,0,NULL),(590,'2013-08-12',0,0,NULL),(591,'2013-08-13',0,0,NULL),(592,'2013-08-14',0,0,NULL),(593,'2013-08-15',0,0,NULL),(594,'2013-08-16',0,0,NULL),(595,'2013-08-17',1,0,NULL),(596,'2013-08-18',1,0,NULL),(597,'2013-08-19',0,0,NULL),(598,'2013-08-20',0,0,NULL),(599,'2013-08-21',0,0,NULL),(600,'2013-08-22',0,0,NULL),(601,'2013-08-23',0,0,NULL),(602,'2013-08-24',1,0,NULL),(603,'2013-08-25',1,0,NULL),(604,'2013-08-26',0,0,NULL),(605,'2013-08-27',0,0,NULL),(606,'2013-08-28',0,0,NULL),(607,'2013-08-29',0,0,NULL),(608,'2013-08-30',0,0,NULL),(609,'2013-08-31',1,0,NULL),(610,'2013-09-01',1,0,NULL),(611,'2013-09-02',0,0,NULL),(612,'2013-09-03',0,0,NULL),(613,'2013-09-04',0,0,NULL),(614,'2013-09-05',0,0,NULL),(615,'2013-09-06',0,0,NULL),(616,'2013-09-07',1,0,NULL),(617,'2013-09-08',1,0,NULL),(618,'2013-09-09',0,0,NULL),(619,'2013-09-10',0,0,NULL),(620,'2013-09-11',0,0,NULL),(621,'2013-09-12',0,0,NULL),(622,'2013-09-13',0,0,NULL),(623,'2013-09-14',1,0,NULL),(624,'2013-09-15',1,0,NULL),(625,'2013-09-16',0,0,NULL),(626,'2013-09-17',0,0,NULL),(627,'2013-09-18',0,0,NULL),(628,'2013-09-19',0,0,NULL),(629,'2013-09-20',0,0,NULL),(630,'2013-09-21',1,0,NULL),(631,'2013-09-22',1,0,NULL),(632,'2013-09-23',0,0,NULL),(633,'2013-09-24',0,0,NULL),(634,'2013-09-25',0,0,NULL),(635,'2013-09-26',0,0,NULL),(636,'2013-09-27',0,0,NULL),(637,'2013-09-28',1,0,NULL),(638,'2013-09-29',1,0,NULL),(639,'2013-09-30',0,0,NULL),(640,'2013-10-01',0,0,NULL),(641,'2013-10-02',0,0,NULL),(642,'2013-10-03',0,0,NULL),(643,'2013-10-04',0,0,NULL),(644,'2013-10-05',1,0,NULL),(645,'2013-10-06',1,0,NULL),(646,'2013-10-07',0,0,NULL),(647,'2013-10-08',0,0,NULL),(648,'2013-10-09',0,0,NULL),(649,'2013-10-10',0,0,NULL),(650,'2013-10-11',0,0,NULL),(651,'2013-10-12',1,0,NULL),(652,'2013-10-13',1,0,NULL),(653,'2013-10-14',0,0,NULL),(654,'2013-10-15',0,0,NULL),(655,'2013-10-16',0,0,NULL),(656,'2013-10-17',0,0,NULL),(657,'2013-10-18',0,0,NULL),(658,'2013-10-19',1,0,NULL),(659,'2013-10-20',1,0,NULL),(660,'2013-10-21',0,0,NULL),(661,'2013-10-22',0,0,NULL),(662,'2013-10-23',0,0,NULL),(663,'2013-10-24',0,0,NULL),(664,'2013-10-25',0,0,NULL),(665,'2013-10-26',1,0,NULL),(666,'2013-10-27',1,0,NULL),(667,'2013-10-28',0,0,NULL),(668,'2013-10-29',0,0,NULL),(669,'2013-10-30',0,0,NULL),(670,'2013-10-31',0,0,NULL),(671,'2013-11-01',0,0,NULL),(672,'2013-11-02',1,0,NULL),(673,'2013-11-03',1,0,NULL),(674,'2013-11-04',0,0,NULL),(675,'2013-11-05',0,0,NULL),(676,'2013-11-06',0,0,NULL),(677,'2013-11-07',0,0,NULL),(678,'2013-11-08',0,0,NULL),(679,'2013-11-09',1,0,NULL),(680,'2013-11-10',1,0,NULL),(681,'2013-11-11',0,0,NULL),(682,'2013-11-12',0,0,NULL),(683,'2013-11-13',0,0,NULL),(684,'2013-11-14',0,0,NULL),(685,'2013-11-15',0,0,NULL),(686,'2013-11-16',1,0,NULL),(687,'2013-11-17',1,0,NULL),(688,'2013-11-18',0,0,NULL),(689,'2013-11-19',0,0,NULL),(690,'2013-11-20',0,0,NULL),(691,'2013-11-21',0,0,NULL),(692,'2013-11-22',0,0,NULL),(693,'2013-11-23',1,0,NULL),(694,'2013-11-24',1,0,NULL),(695,'2013-11-25',0,0,NULL),(696,'2013-11-26',0,0,NULL),(697,'2013-11-27',0,0,NULL),(698,'2013-11-28',0,0,NULL),(699,'2013-11-29',0,0,NULL),(700,'2013-11-30',1,0,NULL),(701,'2013-12-01',1,0,NULL),(702,'2013-12-02',0,0,NULL),(703,'2013-12-03',0,0,NULL),(704,'2013-12-04',0,0,NULL),(705,'2013-12-05',0,0,NULL),(706,'2013-12-06',0,0,NULL),(707,'2013-12-07',1,0,NULL),(708,'2013-12-08',1,0,NULL),(709,'2013-12-09',0,0,NULL),(710,'2013-12-10',0,0,NULL),(711,'2013-12-11',0,0,NULL),(712,'2013-12-12',0,0,NULL),(713,'2013-12-13',0,0,NULL),(714,'2013-12-14',1,0,NULL),(715,'2013-12-15',1,0,NULL),(716,'2013-12-16',0,0,NULL),(717,'2013-12-17',0,0,NULL),(718,'2013-12-18',0,0,NULL),(719,'2013-12-19',0,0,NULL),(720,'2013-12-20',0,0,NULL),(721,'2013-12-21',1,0,NULL),(722,'2013-12-22',1,0,NULL),(723,'2013-12-23',0,0,NULL),(724,'2013-12-24',0,0,NULL),(725,'2013-12-25',0,0,NULL),(726,'2013-12-26',0,0,NULL),(727,'2013-12-27',0,0,NULL),(728,'2013-12-28',1,0,NULL),(729,'2013-12-29',1,0,NULL),(730,'2013-12-30',0,0,NULL),(731,'2013-12-31',0,0,NULL),(732,'2014-01-01',0,0,NULL),(733,'2014-01-02',0,0,NULL),(734,'2014-01-03',0,0,NULL),(735,'2014-01-04',1,0,NULL),(736,'2014-01-05',1,0,NULL),(737,'2014-01-06',0,0,NULL),(738,'2014-01-07',0,0,NULL),(739,'2014-01-08',0,0,NULL),(740,'2014-01-09',0,0,NULL),(741,'2014-01-10',0,0,NULL),(742,'2014-01-11',1,0,NULL),(743,'2014-01-12',1,0,NULL),(744,'2014-01-13',0,0,NULL),(745,'2014-01-14',0,0,NULL),(746,'2014-01-15',0,0,NULL),(747,'2014-01-16',0,0,NULL),(748,'2014-01-17',0,0,NULL),(749,'2014-01-18',1,0,NULL),(750,'2014-01-19',1,0,NULL),(751,'2014-01-20',0,0,NULL),(752,'2014-01-21',0,0,NULL),(753,'2014-01-22',0,0,NULL),(754,'2014-01-23',0,0,NULL),(755,'2014-01-24',0,0,NULL),(756,'2014-01-25',1,0,NULL),(757,'2014-01-26',1,0,NULL),(758,'2014-01-27',0,0,NULL),(759,'2014-01-28',0,0,NULL),(760,'2014-01-29',0,0,NULL),(761,'2014-01-30',0,0,NULL),(762,'2014-01-31',0,0,NULL),(763,'2014-02-01',1,0,NULL),(764,'2014-02-02',1,0,NULL),(765,'2014-02-03',0,0,NULL),(766,'2014-02-04',0,0,NULL),(767,'2014-02-05',0,0,NULL),(768,'2014-02-06',0,0,NULL),(769,'2014-02-07',0,0,NULL),(770,'2014-02-08',1,0,NULL),(771,'2014-02-09',1,0,NULL),(772,'2014-02-10',0,0,NULL),(773,'2014-02-11',0,0,NULL),(774,'2014-02-12',0,0,NULL),(775,'2014-02-13',0,0,NULL),(776,'2014-02-14',0,0,NULL),(777,'2014-02-15',1,0,NULL),(778,'2014-02-16',1,0,NULL),(779,'2014-02-17',0,0,NULL),(780,'2014-02-18',0,0,NULL),(781,'2014-02-19',0,0,NULL),(782,'2014-02-20',0,0,NULL),(783,'2014-02-21',0,0,NULL),(784,'2014-02-22',1,0,NULL),(785,'2014-02-23',1,0,NULL),(786,'2014-02-24',0,0,NULL),(787,'2014-02-25',0,0,NULL),(788,'2014-02-26',0,0,NULL),(789,'2014-02-27',0,0,NULL),(790,'2014-02-28',0,0,NULL),(791,'2014-03-01',1,0,NULL),(792,'2014-03-02',1,0,NULL),(793,'2014-03-03',0,0,NULL),(794,'2014-03-04',0,0,NULL),(795,'2014-03-05',0,0,NULL),(796,'2014-03-06',0,0,NULL),(797,'2014-03-07',0,0,NULL),(798,'2014-03-08',1,0,NULL),(799,'2014-03-09',1,0,NULL),(800,'2014-03-10',0,0,NULL),(801,'2014-03-11',0,0,NULL),(802,'2014-03-12',0,0,NULL),(803,'2014-03-13',0,0,NULL),(804,'2014-03-14',0,0,NULL),(805,'2014-03-15',1,0,NULL),(806,'2014-03-16',1,0,NULL),(807,'2014-03-17',0,0,NULL),(808,'2014-03-18',0,0,NULL),(809,'2014-03-19',0,0,NULL),(810,'2014-03-20',0,0,NULL),(811,'2014-03-21',0,0,NULL),(812,'2014-03-22',1,0,NULL),(813,'2014-03-23',1,0,NULL),(814,'2014-03-24',0,0,NULL),(815,'2014-03-25',0,0,NULL),(816,'2014-03-26',0,0,NULL),(817,'2014-03-27',0,0,NULL),(818,'2014-03-28',0,0,NULL),(819,'2014-03-29',1,0,NULL),(820,'2014-03-30',1,0,NULL),(821,'2014-03-31',0,0,NULL),(822,'2014-04-01',0,0,NULL),(823,'2014-04-02',0,0,NULL),(824,'2014-04-03',0,0,NULL),(825,'2014-04-04',0,0,NULL),(826,'2014-04-05',1,0,NULL),(827,'2014-04-06',1,0,NULL),(828,'2014-04-07',0,0,NULL),(829,'2014-04-08',0,0,NULL),(830,'2014-04-09',0,0,NULL),(831,'2014-04-10',0,0,NULL),(832,'2014-04-11',0,0,NULL),(833,'2014-04-12',1,0,NULL),(834,'2014-04-13',1,0,NULL),(835,'2014-04-14',0,0,NULL),(836,'2014-04-15',0,0,NULL),(837,'2014-04-16',0,0,NULL),(838,'2014-04-17',0,0,NULL),(839,'2014-04-18',0,0,NULL),(840,'2014-04-19',1,0,NULL),(841,'2014-04-20',1,0,NULL),(842,'2014-04-21',0,0,NULL),(843,'2014-04-22',0,0,NULL),(844,'2014-04-23',0,0,NULL),(845,'2014-04-24',0,0,NULL),(846,'2014-04-25',0,0,NULL),(847,'2014-04-26',1,0,NULL),(848,'2014-04-27',1,0,NULL),(849,'2014-04-28',0,0,NULL),(850,'2014-04-29',0,0,NULL),(851,'2014-04-30',0,0,NULL),(852,'2014-05-01',0,0,NULL),(853,'2014-05-02',0,0,NULL),(854,'2014-05-03',1,0,NULL),(855,'2014-05-04',1,0,NULL),(856,'2014-05-05',0,0,NULL),(857,'2014-05-06',0,0,NULL),(858,'2014-05-07',0,0,NULL),(859,'2014-05-08',0,0,NULL),(860,'2014-05-09',0,0,NULL),(861,'2014-05-10',1,0,NULL),(862,'2014-05-11',1,0,NULL),(863,'2014-05-12',0,0,NULL),(864,'2014-05-13',0,0,NULL),(865,'2014-05-14',0,0,NULL),(866,'2014-05-15',0,0,NULL),(867,'2014-05-16',0,0,NULL),(868,'2014-05-17',1,0,NULL),(869,'2014-05-18',1,0,NULL),(870,'2014-05-19',0,0,NULL),(871,'2014-05-20',0,0,NULL),(872,'2014-05-21',0,0,NULL),(873,'2014-05-22',0,0,NULL),(874,'2014-05-23',0,0,NULL),(875,'2014-05-24',1,0,NULL),(876,'2014-05-25',1,0,NULL),(877,'2014-05-26',0,0,NULL),(878,'2014-05-27',0,0,NULL),(879,'2014-05-28',0,0,NULL),(880,'2014-05-29',0,0,NULL),(881,'2014-05-30',0,0,NULL),(882,'2014-05-31',1,0,NULL),(883,'2014-06-01',1,0,NULL),(884,'2014-06-02',0,0,NULL),(885,'2014-06-03',0,0,NULL),(886,'2014-06-04',0,0,NULL),(887,'2014-06-05',0,0,NULL),(888,'2014-06-06',0,0,NULL),(889,'2014-06-07',1,0,NULL),(890,'2014-06-08',1,0,NULL),(891,'2014-06-09',0,0,NULL),(892,'2014-06-10',0,0,NULL),(893,'2014-06-11',0,0,NULL),(894,'2014-06-12',0,0,NULL),(895,'2014-06-13',0,0,NULL),(896,'2014-06-14',1,0,NULL),(897,'2014-06-15',1,0,NULL),(898,'2014-06-16',0,0,NULL),(899,'2014-06-17',0,0,NULL),(900,'2014-06-18',0,0,NULL),(901,'2014-06-19',0,0,NULL),(902,'2014-06-20',0,0,NULL),(903,'2014-06-21',1,0,NULL),(904,'2014-06-22',1,0,NULL),(905,'2014-06-23',0,0,NULL),(906,'2014-06-24',0,0,NULL),(907,'2014-06-25',0,0,NULL),(908,'2014-06-26',0,0,NULL),(909,'2014-06-27',0,0,NULL),(910,'2014-06-28',1,0,NULL),(911,'2014-06-29',1,0,NULL),(912,'2014-06-30',0,0,NULL),(913,'2014-07-01',0,0,NULL),(914,'2014-07-02',0,0,NULL),(915,'2014-07-03',0,0,NULL),(916,'2014-07-04',0,0,NULL),(917,'2014-07-05',1,0,NULL),(918,'2014-07-06',1,0,NULL),(919,'2014-07-07',0,0,NULL),(920,'2014-07-08',0,0,NULL),(921,'2014-07-09',0,0,NULL),(922,'2014-07-10',0,0,NULL),(923,'2014-07-11',0,0,NULL),(924,'2014-07-12',1,0,NULL),(925,'2014-07-13',1,0,NULL),(926,'2014-07-14',0,0,NULL),(927,'2014-07-15',0,0,NULL),(928,'2014-07-16',0,0,NULL),(929,'2014-07-17',0,0,NULL),(930,'2014-07-18',0,0,NULL),(931,'2014-07-19',1,0,NULL),(932,'2014-07-20',1,0,NULL),(933,'2014-07-21',0,0,NULL),(934,'2014-07-22',0,0,NULL),(935,'2014-07-23',0,0,NULL),(936,'2014-07-24',0,0,NULL),(937,'2014-07-25',0,0,NULL),(938,'2014-07-26',1,0,NULL),(939,'2014-07-27',1,0,NULL),(940,'2014-07-28',0,0,NULL),(941,'2014-07-29',0,0,NULL),(942,'2014-07-30',0,0,NULL),(943,'2014-07-31',0,0,NULL),(944,'2014-08-01',0,0,NULL),(945,'2014-08-02',1,0,NULL),(946,'2014-08-03',1,0,NULL),(947,'2014-08-04',0,0,NULL),(948,'2014-08-05',0,0,NULL),(949,'2014-08-06',0,0,NULL),(950,'2014-08-07',0,0,NULL),(951,'2014-08-08',0,0,NULL),(952,'2014-08-09',1,0,NULL),(953,'2014-08-10',1,0,NULL),(954,'2014-08-11',0,0,NULL),(955,'2014-08-12',0,0,NULL),(956,'2014-08-13',0,0,NULL),(957,'2014-08-14',0,0,NULL),(958,'2014-08-15',0,0,NULL),(959,'2014-08-16',1,0,NULL),(960,'2014-08-17',1,0,NULL),(961,'2014-08-18',0,0,NULL),(962,'2014-08-19',0,0,NULL),(963,'2014-08-20',0,0,NULL),(964,'2014-08-21',0,0,NULL),(965,'2014-08-22',0,0,NULL),(966,'2014-08-23',1,0,NULL),(967,'2014-08-24',1,0,NULL),(968,'2014-08-25',0,0,NULL),(969,'2014-08-26',0,0,NULL),(970,'2014-08-27',0,0,NULL),(971,'2014-08-28',0,0,NULL),(972,'2014-08-29',0,0,NULL),(973,'2014-08-30',1,0,NULL),(974,'2014-08-31',1,0,NULL),(975,'2014-09-01',0,0,NULL),(976,'2014-09-02',0,0,NULL),(977,'2014-09-03',0,0,NULL),(978,'2014-09-04',0,0,NULL),(979,'2014-09-05',0,0,NULL),(980,'2014-09-06',1,0,NULL),(981,'2014-09-07',1,0,NULL),(982,'2014-09-08',0,0,NULL),(983,'2014-09-09',0,0,NULL),(984,'2014-09-10',0,0,NULL),(985,'2014-09-11',0,0,NULL),(986,'2014-09-12',0,0,NULL),(987,'2014-09-13',1,0,NULL),(988,'2014-09-14',1,0,NULL),(989,'2014-09-15',0,0,NULL),(990,'2014-09-16',0,0,NULL),(991,'2014-09-17',0,0,NULL),(992,'2014-09-18',0,0,NULL),(993,'2014-09-19',0,0,NULL),(994,'2014-09-20',1,0,NULL),(995,'2014-09-21',1,0,NULL),(996,'2014-09-22',0,0,NULL),(997,'2014-09-23',0,0,NULL),(998,'2014-09-24',0,0,NULL),(999,'2014-09-25',0,0,NULL),(1000,'2014-09-26',0,0,NULL),(1001,'2014-09-27',1,0,NULL),(1002,'2014-09-28',1,0,NULL),(1003,'2014-09-29',0,0,NULL),(1004,'2014-09-30',0,0,NULL),(1005,'2014-10-01',0,0,NULL),(1006,'2014-10-02',0,0,NULL),(1007,'2014-10-03',0,0,NULL),(1008,'2014-10-04',1,0,NULL),(1009,'2014-10-05',1,0,NULL),(1010,'2014-10-06',0,0,NULL),(1011,'2014-10-07',0,0,NULL),(1012,'2014-10-08',0,0,NULL),(1013,'2014-10-09',0,0,NULL),(1014,'2014-10-10',0,0,NULL),(1015,'2014-10-11',1,0,NULL),(1016,'2014-10-12',1,0,NULL),(1017,'2014-10-13',0,0,NULL),(1018,'2014-10-14',0,0,NULL),(1019,'2014-10-15',0,0,NULL),(1020,'2014-10-16',0,0,NULL),(1021,'2014-10-17',0,0,NULL),(1022,'2014-10-18',1,0,NULL),(1023,'2014-10-19',1,0,NULL),(1024,'2014-10-20',0,0,NULL),(1025,'2014-10-21',0,0,NULL),(1026,'2014-10-22',0,0,NULL),(1027,'2014-10-23',0,0,NULL),(1028,'2014-10-24',0,0,NULL),(1029,'2014-10-25',1,0,NULL),(1030,'2014-10-26',1,0,NULL),(1031,'2014-10-27',0,0,NULL),(1032,'2014-10-28',0,0,NULL),(1033,'2014-10-29',0,0,NULL),(1034,'2014-10-30',0,0,NULL),(1035,'2014-10-31',0,0,NULL),(1036,'2014-11-01',1,0,NULL),(1037,'2014-11-02',1,0,NULL),(1038,'2014-11-03',0,0,NULL),(1039,'2014-11-04',0,0,NULL),(1040,'2014-11-05',0,0,NULL),(1041,'2014-11-06',0,0,NULL),(1042,'2014-11-07',0,0,NULL),(1043,'2014-11-08',1,0,NULL),(1044,'2014-11-09',1,0,NULL),(1045,'2014-11-10',0,0,NULL),(1046,'2014-11-11',0,0,NULL),(1047,'2014-11-12',0,0,NULL),(1048,'2014-11-13',0,0,NULL),(1049,'2014-11-14',0,0,NULL),(1050,'2014-11-15',1,0,NULL),(1051,'2014-11-16',1,0,NULL),(1052,'2014-11-17',0,0,NULL),(1053,'2014-11-18',0,0,NULL),(1054,'2014-11-19',0,0,NULL),(1055,'2014-11-20',0,0,NULL),(1056,'2014-11-21',0,0,NULL),(1057,'2014-11-22',1,0,NULL),(1058,'2014-11-23',1,0,NULL),(1059,'2014-11-24',0,0,NULL),(1060,'2014-11-25',0,0,NULL),(1061,'2014-11-26',0,0,NULL),(1062,'2014-11-27',0,0,NULL),(1063,'2014-11-28',0,0,NULL),(1064,'2014-11-29',1,0,NULL),(1065,'2014-11-30',1,0,NULL),(1066,'2014-12-01',0,0,NULL),(1067,'2014-12-02',0,0,NULL),(1068,'2014-12-03',0,0,NULL),(1069,'2014-12-04',0,0,NULL),(1070,'2014-12-05',0,0,NULL),(1071,'2014-12-06',1,0,NULL),(1072,'2014-12-07',1,0,NULL),(1073,'2014-12-08',0,0,NULL),(1074,'2014-12-09',0,0,NULL),(1075,'2014-12-10',0,0,NULL),(1076,'2014-12-11',0,0,NULL),(1077,'2014-12-12',0,0,NULL),(1078,'2014-12-13',1,0,NULL),(1079,'2014-12-14',1,0,NULL),(1080,'2014-12-15',0,0,NULL),(1081,'2014-12-16',0,0,NULL),(1082,'2014-12-17',0,0,NULL),(1083,'2014-12-18',0,0,NULL),(1084,'2014-12-19',0,0,NULL),(1085,'2014-12-20',1,0,NULL),(1086,'2014-12-21',1,0,NULL),(1087,'2014-12-22',0,0,NULL),(1088,'2014-12-23',0,0,NULL),(1089,'2014-12-24',0,0,NULL),(1090,'2014-12-25',0,0,NULL),(1091,'2014-12-26',0,0,NULL),(1092,'2014-12-27',1,0,NULL),(1093,'2014-12-28',1,0,NULL),(1094,'2014-12-29',0,0,NULL),(1095,'2014-12-30',0,0,NULL),(1096,'2014-12-31',0,0,NULL);
/*!40000 ALTER TABLE `pcs_common_calendar` ENABLE KEYS */;
UNLOCK TABLES;

--
-- Table structure for table `pcs_common_customize`
--

DROP TABLE IF EXISTS `pcs_common_customize`;
/*!40101 SET @saved_cs_client     = @@character_set_client */;
/*!40101 SET character_set_client = utf8 */;
CREATE TABLE `pcs_common_customize` (
  `id_pcs_common_customize` int(11) unsigned NOT NULL AUTO_INCREMENT,
  `id_company` int(11) unsigned NOT NULL,
  `logo` varchar(255) COLLATE latin1_spanish_ci NOT NULL,
  `background_color` varchar(45) COLLATE latin1_spanish_ci DEFAULT NULL,
  `forward_color` varchar(45) COLLATE latin1_spanish_ci DEFAULT NULL,
  `font_size` varchar(45) COLLATE latin1_spanish_ci DEFAULT NULL,
  PRIMARY KEY (`id_pcs_common_customize`),
  KEY `fk_pcs_common_customize_pcs_symphony_companies1` (`id_company`),
  CONSTRAINT `fk_pcs_common_customize_pcs_symphony_companies1` FOREIGN KEY (`id_company`) REFERENCES `pcs_symphony_companies` (`id_company`) ON DELETE NO ACTION ON UPDATE NO ACTION
) ENGINE=InnoDB DEFAULT CHARSET=latin1 COLLATE=latin1_spanish_ci;
/*!40101 SET character_set_client = @saved_cs_client */;

--
-- Dumping data for table `pcs_common_customize`
--

LOCK TABLES `pcs_common_customize` WRITE;
/*!40000 ALTER TABLE `pcs_common_customize` DISABLE KEYS */;
/*!40000 ALTER TABLE `pcs_common_customize` ENABLE KEYS */;
UNLOCK TABLES;

--
-- Table structure for table `pcs_common_emails`
--

DROP TABLE IF EXISTS `pcs_common_emails`;
/*!40101 SET @saved_cs_client     = @@character_set_client */;
/*!40101 SET character_set_client = utf8 */;
CREATE TABLE `pcs_common_emails` (
  `id_email` int(11) unsigned NOT NULL AUTO_INCREMENT,
  `email` varchar(50) COLLATE latin1_spanish_ci NOT NULL,
  PRIMARY KEY (`id_email`)
) ENGINE=InnoDB DEFAULT CHARSET=latin1 COLLATE=latin1_spanish_ci;
/*!40101 SET character_set_client = @saved_cs_client */;

--
-- Dumping data for table `pcs_common_emails`
--

LOCK TABLES `pcs_common_emails` WRITE;
/*!40000 ALTER TABLE `pcs_common_emails` DISABLE KEYS */;
/*!40000 ALTER TABLE `pcs_common_emails` ENABLE KEYS */;
UNLOCK TABLES;

--
-- Table structure for table `pcs_common_menu_items`
--

DROP TABLE IF EXISTS `pcs_common_menu_items`;
/*!40101 SET @saved_cs_client     = @@character_set_client */;
/*!40101 SET character_set_client = utf8 */;
CREATE TABLE `pcs_common_menu_items` (
  `id_menu_item` int(11) unsigned NOT NULL AUTO_INCREMENT,
  `id_action` int(11) unsigned DEFAULT NULL,
  `id_parent` int(11) unsigned DEFAULT NULL,
  `name` varchar(45) DEFAULT NULL,
  `order` int(2) unsigned DEFAULT NULL,
  `icon` varchar(255) DEFAULT NULL,
  `icon_size` int(11) NOT NULL DEFAULT '16',
  PRIMARY KEY (`id_menu_item`),
  KEY `fk_pcs_common_menu_items_pcs_common_security_actions` (`id_action`),
  KEY `fk_pcs_common_menu_items_pcs_common_menu_items` (`id_parent`),
  CONSTRAINT `fk_menu_items_pcs_menu_items` FOREIGN KEY (`id_parent`) REFERENCES `pcs_common_menu_items` (`id_menu_item`) ON DELETE NO ACTION ON UPDATE NO ACTION,
  CONSTRAINT `fk_menu_items_pcs_security_actions` FOREIGN KEY (`id_action`) REFERENCES `pcs_common_security_actions` (`id_action`) ON DELETE NO ACTION ON UPDATE NO ACTION
) ENGINE=InnoDB AUTO_INCREMENT=33 DEFAULT CHARSET=latin1 COMMENT='Un item que no tiene parent es una raiz del menu';
/*!40101 SET character_set_client = @saved_cs_client */;

--
-- Dumping data for table `pcs_common_menu_items`
--

LOCK TABLES `pcs_common_menu_items` WRITE;
/*!40000 ALTER TABLE `pcs_common_menu_items` DISABLE KEYS */;
INSERT INTO `pcs_common_menu_items` VALUES (1,NULL,NULL,'Catalogs',0,NULL,64),(2,NULL,NULL,'Security',0,NULL,64),(3,NULL,NULL,'Control',0,NULL,64),(4,NULL,NULL,'Configuration',0,NULL,64),(5,NULL,NULL,'Tickets',0,NULL,64),(6,NULL,NULL,'Reports',0,NULL,64),(7,221,2,'Roles',0,'/images/template/menu-icons/perfiles.png',83),(8,147,2,'Groups',0,'/images/template/menu-icons/grupos.png',83),(9,212,2,'Users',0,'/images/template/menu-icons/usuarios.png',83),(10,129,6,'Activities',0,'/images/template/menu-icons/monitoreo.png',83),(11,131,3,'Sessions',0,'/images/template/menu-icons/sesionesactivas.png',83),(12,230,4,'Holidays',0,'/images/template/menu-icons/diashabiles.png',83),(13,107,4,'E-mail Templates',0,'/images/template/menu-icons/correos.png',83),(14,74,4,'Schedules',0,'/images/template/menu-icons/horarios.png',83),(15,13,4,'Escalations',0,'/images/template/menu-icons/escalamiento.png',83),(16,175,1,'Companies',0,'/images/template/menu-icons/companies.png',60),(17,4,1,'Employees',0,'/images/template/menu-icons/estatusporempleado.png',83),(18,203,1,'Impacts',0,'/images/template/menu-icons/reportes.png',83),(19,165,1,'Locations',0,'/images/template/menu-icons/estatusporgrupo.png',83),(20,123,4,'Parameters',0,'/images/template/menu-icons/configuracion.png',83),(21,32,1,'Positions',0,'/images/template/menu-icons/estatus.png',83),(22,238,1,'Priorities',0,'/images/template/menu-icons/prioridad.png',83),(23,184,1,'Resolutions',0,'/images/template/menu-icons/permisos.png',83),(24,156,1,'Service Levels',0,'/images/template/menu-icons/nivelesdeservicio.png',83),(25,45,1,'Ticket Types',0,'/images/template/menu-icons/catalogos.png',83),(26,54,5,'Search',0,'/images/template/menu-icons/casos.png',83),(27,55,5,'My Tickets',0,'/images/template/menu-icons/seguimiento.png',83),(28,56,5,'Tickets Assigned',0,'/images/template/menu-icons/inventario.png',83),(29,138,1,'Channels',0,'/images/template/menu-icons/mediodecontacto.png',83),(30,193,1,'Areas',0,'/images/template/menu-icons/estatusporarea.png',83),(32,23,1,'Categories',0,'/images/template/menu-icons/tipificacion.png',83);
/*!40000 ALTER TABLE `pcs_common_menu_items` ENABLE KEYS */;
UNLOCK TABLES;

--
-- Table structure for table `pcs_common_mexico_zip_codes`
--

DROP TABLE IF EXISTS `pcs_common_mexico_zip_codes`;
/*!40101 SET @saved_cs_client     = @@character_set_client */;
/*!40101 SET character_set_client = utf8 */;
CREATE TABLE `pcs_common_mexico_zip_codes` (
  `id_zip_code` int(11) unsigned NOT NULL AUTO_INCREMENT,
  `zip_code` int(5) unsigned zerofill NOT NULL,
  `settlement` varchar(255) COLLATE latin1_spanish_ci NOT NULL,
  `settlement_type` int(2) unsigned NOT NULL,
  `district` varchar(255) COLLATE latin1_spanish_ci NOT NULL,
  `state` varchar(255) COLLATE latin1_spanish_ci NOT NULL,
  `city` varchar(255) COLLATE latin1_spanish_ci NOT NULL,
  `d_cp` int(5) unsigned zerofill NOT NULL,
  `id_mexico_state` int(2) unsigned NOT NULL,
  `office_code` int(6) unsigned NOT NULL,
  `zc_code` int(5) unsigned NOT NULL,
  `settlement_type_code` int(2) unsigned NOT NULL,
  `district_code` int(3) unsigned NOT NULL,
  `id_settlement_zip_code` int(5) unsigned NOT NULL,
  `zone` int(1) unsigned NOT NULL,
  `city_code` int(2) unsigned NOT NULL,
  PRIMARY KEY (`id_zip_code`),
  KEY `zip_code` (`zip_code`)
) ENGINE=InnoDB DEFAULT CHARSET=latin1 COLLATE=latin1_spanish_ci;
/*!40101 SET character_set_client = @saved_cs_client */;

--
-- Dumping data for table `pcs_common_mexico_zip_codes`
--

LOCK TABLES `pcs_common_mexico_zip_codes` WRITE;
/*!40000 ALTER TABLE `pcs_common_mexico_zip_codes` DISABLE KEYS */;
/*!40000 ALTER TABLE `pcs_common_mexico_zip_codes` ENABLE KEYS */;
UNLOCK TABLES;

--
-- Table structure for table `pcs_common_options`
--

DROP TABLE IF EXISTS `pcs_common_options`;
/*!40101 SET @saved_cs_client     = @@character_set_client */;
/*!40101 SET character_set_client = utf8 */;
CREATE TABLE `pcs_common_options` (
  `id_option` int(11) unsigned NOT NULL AUTO_INCREMENT,
  `name` varchar(45) COLLATE latin1_spanish_ci NOT NULL,
  `value` text COLLATE latin1_spanish_ci NOT NULL,
  `type` int(2) unsigned NOT NULL,
  `regexp` varchar(90) COLLATE latin1_spanish_ci DEFAULT NULL,
  `detail` varchar(255) COLLATE latin1_spanish_ci DEFAULT NULL,
  `options` varchar(45) COLLATE latin1_spanish_ci DEFAULT NULL,
  PRIMARY KEY (`id_option`),
  UNIQUE KEY `name_UNIQUE` (`name`)
) ENGINE=InnoDB AUTO_INCREMENT=2 DEFAULT CHARSET=latin1 COLLATE=latin1_spanish_ci;
/*!40101 SET character_set_client = @saved_cs_client */;

--
-- Dumping data for table `pcs_common_options`
--

LOCK TABLES `pcs_common_options` WRITE;
/*!40000 ALTER TABLE `pcs_common_options` DISABLE KEYS */;
INSERT INTO `pcs_common_options` VALUES (1,'Password expiration in minutes','400',1,'/^[1-9]{1}([0-9]){0,}$/','Password expiration in minutes',NULL);
/*!40000 ALTER TABLE `pcs_common_options` ENABLE KEYS */;
UNLOCK TABLES;

--
-- Table structure for table `pcs_common_persons`
--

DROP TABLE IF EXISTS `pcs_common_persons`;
/*!40101 SET @saved_cs_client     = @@character_set_client */;
/*!40101 SET character_set_client = utf8 */;
CREATE TABLE `pcs_common_persons` (
  `id_person` int(11) unsigned NOT NULL AUTO_INCREMENT,
  `name` varchar(50) COLLATE latin1_spanish_ci NOT NULL,
  `last_name` varchar(50) COLLATE latin1_spanish_ci NOT NULL,
  `middle_name` varchar(50) COLLATE latin1_spanish_ci DEFAULT NULL,
  `curp` varchar(16) COLLATE latin1_spanish_ci DEFAULT NULL,
  PRIMARY KEY (`id_person`)
) ENGINE=InnoDB AUTO_INCREMENT=2 DEFAULT CHARSET=latin1 COLLATE=latin1_spanish_ci;
/*!40101 SET character_set_client = @saved_cs_client */;

--
-- Dumping data for table `pcs_common_persons`
--

LOCK TABLES `pcs_common_persons` WRITE;
/*!40000 ALTER TABLE `pcs_common_persons` DISABLE KEYS */;
INSERT INTO `pcs_common_persons` VALUES (1,'Admin','',NULL,NULL);
/*!40000 ALTER TABLE `pcs_common_persons` ENABLE KEYS */;
UNLOCK TABLES;

--
-- Table structure for table `pcs_common_persons_addresses`
--

DROP TABLE IF EXISTS `pcs_common_persons_addresses`;
/*!40101 SET @saved_cs_client     = @@character_set_client */;
/*!40101 SET character_set_client = utf8 */;
CREATE TABLE `pcs_common_persons_addresses` (
  `id_address` int(11) unsigned NOT NULL,
  `id_person` int(11) unsigned NOT NULL,
  `type` int(2) unsigned DEFAULT NULL,
  PRIMARY KEY (`id_address`,`id_person`),
  KEY `fk_person_address_1` (`id_person`),
  KEY `fk_person_address_2` (`id_address`),
  CONSTRAINT `fk_person_address_1` FOREIGN KEY (`id_person`) REFERENCES `pcs_common_persons` (`id_person`) ON DELETE NO ACTION ON UPDATE NO ACTION,
  CONSTRAINT `fk_person_address_2` FOREIGN KEY (`id_address`) REFERENCES `pcs_common_addresses` (`id_address`) ON DELETE NO ACTION ON UPDATE NO ACTION
) ENGINE=InnoDB DEFAULT CHARSET=latin1 COLLATE=latin1_spanish_ci;
/*!40101 SET character_set_client = @saved_cs_client */;

--
-- Dumping data for table `pcs_common_persons_addresses`
--

LOCK TABLES `pcs_common_persons_addresses` WRITE;
/*!40000 ALTER TABLE `pcs_common_persons_addresses` DISABLE KEYS */;
/*!40000 ALTER TABLE `pcs_common_persons_addresses` ENABLE KEYS */;
UNLOCK TABLES;

--
-- Table structure for table `pcs_common_persons_emails`
--

DROP TABLE IF EXISTS `pcs_common_persons_emails`;
/*!40101 SET @saved_cs_client     = @@character_set_client */;
/*!40101 SET character_set_client = utf8 */;
CREATE TABLE `pcs_common_persons_emails` (
  `id_person` int(11) unsigned NOT NULL,
  `id_email` int(11) unsigned NOT NULL,
  `type` int(2) unsigned DEFAULT NULL,
  PRIMARY KEY (`id_person`,`id_email`),
  KEY `fk_pcs_common_persons_emails_1` (`id_person`),
  KEY `fk_pcs_common_persons_emails_2` (`id_email`),
  CONSTRAINT `fk_pcs_common_persons_emails_1` FOREIGN KEY (`id_person`) REFERENCES `pcs_common_persons` (`id_person`) ON DELETE NO ACTION ON UPDATE NO ACTION,
  CONSTRAINT `fk_pcs_common_persons_emails_2` FOREIGN KEY (`id_email`) REFERENCES `pcs_common_emails` (`id_email`) ON DELETE NO ACTION ON UPDATE NO ACTION
) ENGINE=InnoDB DEFAULT CHARSET=latin1 COLLATE=latin1_spanish_ci;
/*!40101 SET character_set_client = @saved_cs_client */;

--
-- Dumping data for table `pcs_common_persons_emails`
--

LOCK TABLES `pcs_common_persons_emails` WRITE;
/*!40000 ALTER TABLE `pcs_common_persons_emails` DISABLE KEYS */;
/*!40000 ALTER TABLE `pcs_common_persons_emails` ENABLE KEYS */;
UNLOCK TABLES;

--
-- Table structure for table `pcs_common_persons_phone_numbers`
--

DROP TABLE IF EXISTS `pcs_common_persons_phone_numbers`;
/*!40101 SET @saved_cs_client     = @@character_set_client */;
/*!40101 SET character_set_client = utf8 */;
CREATE TABLE `pcs_common_persons_phone_numbers` (
  `id_person` int(11) unsigned NOT NULL,
  `id_phone_number` int(11) unsigned NOT NULL,
  `type` int(2) unsigned DEFAULT NULL,
  PRIMARY KEY (`id_person`,`id_phone_number`),
  KEY `fk_pcs_common_persons_phone_numbers_1` (`id_person`),
  KEY `fk_pcs_common_persons_phone_numbers_2` (`id_phone_number`),
  CONSTRAINT `fk_pcs_common_persons_phone_numbers_1` FOREIGN KEY (`id_person`) REFERENCES `pcs_common_persons` (`id_person`) ON DELETE NO ACTION ON UPDATE NO ACTION,
  CONSTRAINT `fk_pcs_common_persons_phone_numbers_2` FOREIGN KEY (`id_phone_number`) REFERENCES `pcs_common_phone_numbers` (`id_phone_number`) ON DELETE NO ACTION ON UPDATE NO ACTION
) ENGINE=InnoDB DEFAULT CHARSET=latin1 COLLATE=latin1_spanish_ci;
/*!40101 SET character_set_client = @saved_cs_client */;

--
-- Dumping data for table `pcs_common_persons_phone_numbers`
--

LOCK TABLES `pcs_common_persons_phone_numbers` WRITE;
/*!40000 ALTER TABLE `pcs_common_persons_phone_numbers` DISABLE KEYS */;
/*!40000 ALTER TABLE `pcs_common_persons_phone_numbers` ENABLE KEYS */;
UNLOCK TABLES;

--
-- Table structure for table `pcs_common_phone_numbers`
--

DROP TABLE IF EXISTS `pcs_common_phone_numbers`;
/*!40101 SET @saved_cs_client     = @@character_set_client */;
/*!40101 SET character_set_client = utf8 */;
CREATE TABLE `pcs_common_phone_numbers` (
  `id_phone_number` int(11) unsigned NOT NULL AUTO_INCREMENT,
  `number` varchar(15) COLLATE latin1_spanish_ci NOT NULL,
  `area_code` varchar(3) COLLATE latin1_spanish_ci DEFAULT NULL,
  `extension` varchar(6) COLLATE latin1_spanish_ci DEFAULT NULL,
  PRIMARY KEY (`id_phone_number`)
) ENGINE=InnoDB DEFAULT CHARSET=latin1 COLLATE=latin1_spanish_ci;
/*!40101 SET character_set_client = @saved_cs_client */;

--
-- Dumping data for table `pcs_common_phone_numbers`
--

LOCK TABLES `pcs_common_phone_numbers` WRITE;
/*!40000 ALTER TABLE `pcs_common_phone_numbers` DISABLE KEYS */;
/*!40000 ALTER TABLE `pcs_common_phone_numbers` ENABLE KEYS */;
UNLOCK TABLES;

--
-- Table structure for table `pcs_common_security_actions`
--

DROP TABLE IF EXISTS `pcs_common_security_actions`;
/*!40101 SET @saved_cs_client     = @@character_set_client */;
/*!40101 SET character_set_client = utf8 */;
CREATE TABLE `pcs_common_security_actions` (
  `id_action` int(11) unsigned NOT NULL AUTO_INCREMENT,
  `id_controller` int(11) unsigned NOT NULL,
  `name` varchar(80) COLLATE latin1_spanish_ci NOT NULL,
  `tag_module` varchar(255) COLLATE latin1_spanish_ci DEFAULT NULL,
  `tag_action` varchar(255) COLLATE latin1_spanish_ci DEFAULT NULL,
  PRIMARY KEY (`id_action`),
  KEY `fk_security_actions_controller` (`id_controller`),
  KEY `tag_module` (`tag_module`),
  KEY `tag_action` (`tag_action`),
  CONSTRAINT `fk_security_actions_controller` FOREIGN KEY (`id_controller`) REFERENCES `pcs_common_security_controllers` (`id_controller`) ON DELETE NO ACTION ON UPDATE NO ACTION
) ENGINE=InnoDB AUTO_INCREMENT=246 DEFAULT CHARSET=latin1 COLLATE=latin1_spanish_ci;
/*!40101 SET character_set_client = @saved_cs_client */;

--
-- Dumping data for table `pcs_common_security_actions`
--

LOCK TABLES `pcs_common_security_actions` WRITE;
/*!40000 ALTER TABLE `pcs_common_security_actions` DISABLE KEYS */;
INSERT INTO `pcs_common_security_actions` VALUES (1,1,'jobs',NULL,NULL),(2,2,'index','Home','home'),(3,3,'index','Employee','List'),(4,3,'list','Employee','List'),(5,3,'new','Employee','Create'),(6,3,'edit','Employee','Edit'),(7,3,'create','Employee','Create'),(8,3,'update','Employee','Edit'),(9,3,'delete','Employee','Deactivate'),(10,3,'reactivate','Employee','Reactivate'),(11,3,'tracking','Employee','Tracking'),(12,4,'index','Escalation','List'),(13,4,'list','Escalation','List'),(14,4,'new','Escalation','Create'),(15,4,'edit','Escalation','Edit'),(16,4,'create','Escalation','Create'),(17,4,'update','Escalation','Edit'),(18,4,'delete','Escalation','Deactivate'),(19,4,'reactivate','Escalation','Reactivate'),(20,4,'get-employees','Home','home'),(21,4,'tracking','Escalation','Tracking'),(22,5,'index','Category','List'),(23,5,'list','Category','List'),(24,5,'new','Category','Create'),(25,5,'edit','Category','Edit'),(26,5,'create','Category','Create'),(27,5,'update','Category','Edit'),(28,5,'delete','Category','Deactivate'),(29,5,'reactivate','Category','Reactivate'),(30,5,'tracking','Category','Tracking'),(31,6,'index','Position','List'),(32,6,'list','Position','List'),(33,6,'json','Home','home'),(34,6,'new','Position','Create'),(35,6,'edit','Position','Edit'),(36,6,'create','Position','Create'),(37,6,'update','Position','Edit'),(38,6,'delete','Position','Deactivate'),(39,6,'reactivate','Position','Reactivate'),(40,6,'tracking','Position','Tracking'),(41,7,'manage',NULL,NULL),(42,7,'add-entry',NULL,NULL),(43,7,'remove-entry',NULL,NULL),(44,8,'index','Ticket type','Lis'),(45,8,'list','Ticket type','Lis'),(46,8,'new','Ticket type','Create'),(47,8,'edit','Ticket type','Edit'),(48,8,'create','Ticket type','Create'),(49,8,'update','Ticket type','Edit'),(50,8,'delete','Ticket type','Deactivate'),(51,8,'reactivate','Ticket type','Reactivate'),(52,8,'tracking','Ticket type','Tracking'),(53,9,'index','Tickets','List'),(54,9,'list','Tickets','List'),(55,9,'mine','Tickets','My tickets'),(56,9,'tickets-assigned','Tickets','Tickets Assigned'),(57,9,'new','Tickets','New Ticket'),(58,9,'edit','Tickets','Edit'),(59,9,'create','Tickets','New Ticket'),(60,9,'update','Tickets','Edit'),(61,9,'cancel','Tickets','Cancel'),(62,9,'working','Tickets','Working'),(63,9,'read','Tickets','Read'),(64,9,'reopen','Tickets','Reopen'),(65,9,'close','Tickets','Close'),(66,9,'resolve','Tickets','Resolve'),(67,9,'assign','Tickets','Assign'),(68,9,'pause','Tickets','Pause'),(69,9,'resume','Tickets','Resume'),(70,9,'tracking','Tickets','Tracking'),(71,9,'delete',NULL,NULL),(72,9,'filter-category',NULL,NULL),(73,10,'index','Schedule','List'),(74,10,'list','Schedule','List'),(75,10,'new','Schedule','Create'),(76,10,'edit','Schedule','Edit'),(77,10,'create','Schedule','Create'),(78,10,'update',NULL,NULL),(79,10,'delete','Schedule','Deactivate'),(80,10,'reactivate','Schedule','Reactivate'),(81,10,'tracking','Schedule','Tracking'),(82,11,'index','Customize','List'),(83,11,'list','Customize','List'),(84,11,'new','Customize','Create'),(85,11,'edit','Customize','Edit'),(86,11,'create','Customize','Create'),(87,11,'update','Customize','Edit'),(88,11,'delete','Customize','Deactivate'),(89,11,'reactivate','Customize','Reactivate'),(90,12,'change-language',NULL,NULL),(91,12,'config',NULL,NULL),(92,12,'permissions','Auth','Permissions'),(93,12,'update-permissions','Auth','Permissions'),(94,12,'set-permission','Auth','Permissions'),(95,12,'inspect',NULL,NULL),(96,12,'view-login',NULL,NULL),(97,12,'login',NULL,NULL),(98,12,'logout',NULL,NULL),(99,13,'index','Activity','List'),(100,13,'list','Activity','List'),(101,13,'new',NULL,NULL),(102,13,'edit',NULL,NULL),(103,13,'create','Activity','Create'),(104,13,'update',NULL,NULL),(105,13,'delete',NULL,NULL),(106,14,'index','Template Email','List'),(107,14,'list','Template Email','List'),(108,14,'new','Template Email','Create'),(109,14,'edit','Template Email','Edit'),(110,14,'create','Template Email','Create'),(111,14,'update','Template Email','Edit'),(112,14,'delete','Template Email','Deactivate'),(113,14,'reactivate','Template Email','Reactivate'),(114,14,'tracking','Template Email','Tracking'),(115,15,'index','Attachment','List'),(116,15,'list','Attachment','List'),(117,15,'new',NULL,NULL),(118,15,'edit',NULL,NULL),(119,15,'create','Tickets','Upload Attachment'),(120,15,'update',NULL,NULL),(121,15,'delete',NULL,NULL),(122,16,'index','Parameters','List'),(123,16,'list','Parameters','List'),(124,16,'new',NULL,NULL),(125,16,'edit','Parameters','Edit'),(126,16,'create',NULL,NULL),(127,16,'update','Parameters','Edit'),(128,16,'delete',NULL,NULL),(129,17,'index','Reports','Activity'),(130,18,'index','Session','List'),(131,18,'list','Session','List'),(132,18,'new',NULL,NULL),(133,18,'edit',NULL,NULL),(134,18,'create',NULL,NULL),(135,18,'update',NULL,NULL),(136,18,'delete','Session','Destroy'),(137,19,'index','Channel','List'),(138,19,'list','Channel','List'),(139,19,'new','Channel','Create'),(140,19,'edit','Channel','Edit'),(141,19,'create','Channel','Create'),(142,19,'update','Channel','Edit'),(143,19,'delete','Channel','Deactivate'),(144,19,'reactivate','Channel','Reactivate'),(145,19,'tracking','Channel','Tracking'),(146,20,'index','Group','List'),(147,20,'list','Group','List'),(148,20,'new','Group','Create'),(149,20,'edit','Group','Edit'),(150,20,'create','Group','Create'),(151,20,'update','Group','Edit'),(152,20,'delete','Group','Deactivate'),(153,20,'reactivate','Group','Reactivate'),(154,20,'tracking','Group','Tracking'),(155,21,'index','Service Level','List'),(156,21,'list','Service Level','List'),(157,21,'new','Service Level','Create'),(158,21,'edit','Service Level','Edit'),(159,21,'create','Service Level','Create'),(160,21,'update','Service Level','Edit'),(161,21,'delete','Service Level','Deactivate'),(162,21,'reactivate','Service Level','Reactivate'),(163,21,'tracking','Service Level','Tracking'),(164,22,'index','Location','List'),(165,22,'list','Location','List'),(166,22,'json','Home','home'),(167,22,'new','Location','Create'),(168,22,'edit','Location','Edit'),(169,22,'create','Location','Create'),(170,22,'update','Location','Edit'),(171,22,'delete','Location','Deactivate'),(172,22,'reactivate','Location','Reactivate'),(173,22,'tracking','Location','Tracking'),(174,23,'index','Company','List'),(175,23,'list','Company','List'),(176,23,'new','Company','Create'),(177,23,'edit','Company','Edit'),(178,23,'create','Company','Create'),(179,23,'update','Company','Edit'),(180,23,'delete','Company','Deactivate'),(181,23,'reactivate','Company','Reactivate'),(182,23,'tracking','Company','Tracking'),(183,24,'index','Resolution','List'),(184,24,'list','Resolution','List'),(185,24,'new','Resolution','Create'),(186,24,'edit','Resolution','Edit'),(187,24,'create','Resolution','Create'),(188,24,'update','Resolution','Edit'),(189,24,'delete','Resolution','Deactivate'),(190,24,'reactivate','Resolution','Reactivate'),(191,24,'tracking','Resolution','Traking'),(192,25,'index','Area','List'),(193,25,'list','Area','List'),(194,25,'json','Home','home'),(195,25,'new','Area','Create'),(196,25,'edit','Area','Edit'),(197,25,'create','Area','Create'),(198,25,'update','Area','Edit'),(199,25,'delete','Area','Deactivate'),(200,25,'reactivate','Area','Reactivate'),(201,25,'tracking','Area','Tracking'),(202,26,'index','Impact','List'),(203,26,'list','Impact','List'),(204,26,'new','Impact','Create'),(205,26,'edit','Impact','Edit'),(206,26,'create','Impact','Create'),(207,26,'update','Impact','Edit'),(208,26,'delete','Impact','Deactivate'),(209,26,'reactivate','Impact','Reactivate'),(210,26,'tracking','Impact','Tracking'),(211,27,'index','User','List'),(212,27,'list','User','List'),(213,27,'new','User','Create'),(214,27,'edit','User','Edit'),(215,27,'create','User','Create'),(216,27,'update','User','Edit'),(217,27,'delete','User','Deactivate'),(218,27,'reactivate','User','Reactivate'),(219,27,'tracking','User','Tracking'),(220,28,'index','Access Role','List'),(221,28,'list','Access Role','List'),(222,28,'new','Access Role','Create'),(223,28,'edit','Access Role','Edit'),(224,28,'create','Access Role','Create'),(225,28,'update','Access Role','Edit'),(226,28,'delete','Access Role','Deactivate'),(227,28,'reactivate','Access Role','Reactivate'),(228,28,'tracking','Access Role','Tracking'),(229,29,'index','Holiday','List'),(230,29,'list','Holiday','List'),(231,29,'new','Holiday','Create'),(232,29,'edit','Holiday','Edit'),(233,29,'create','Holiday','Create'),(234,29,'update','Holiday','Edit'),(235,29,'delete','Holiday','Delete'),(236,30,'error',NULL,NULL),(237,31,'index','Priority','List'),(238,31,'list','Priority','List'),(239,31,'new','Priority','Create'),(240,31,'edit','Priority','Edit'),(241,31,'create','Priority','Create'),(242,31,'update','Priority','Edit'),(243,31,'delete','Priority','Deactivate'),(244,31,'reactivate','Priority','Reactivate'),(245,31,'tracking','Priority','Traking');
/*!40000 ALTER TABLE `pcs_common_security_actions` ENABLE KEYS */;
UNLOCK TABLES;

--
-- Table structure for table `pcs_common_security_actions_access_roles`
--

DROP TABLE IF EXISTS `pcs_common_security_actions_access_roles`;
/*!40101 SET @saved_cs_client     = @@character_set_client */;
/*!40101 SET character_set_client = utf8 */;
CREATE TABLE `pcs_common_security_actions_access_roles` (
  `id_security_action` int(11) unsigned NOT NULL,
  `id_access_role` int(11) unsigned NOT NULL,
  PRIMARY KEY (`id_security_action`,`id_access_role`),
  KEY `id_action` (`id_security_action`),
  KEY `fk_security_actions_access_role_1` (`id_security_action`),
  KEY `fk_security_actions_access_role_2` (`id_access_role`),
  CONSTRAINT `fk_security_actions_access_role_1` FOREIGN KEY (`id_security_action`) REFERENCES `pcs_common_security_actions` (`id_action`) ON DELETE NO ACTION ON UPDATE NO ACTION,
  CONSTRAINT `fk_security_actions_access_role_2` FOREIGN KEY (`id_access_role`) REFERENCES `pcs_common_access_roles` (`id_access_role`) ON DELETE NO ACTION ON UPDATE NO ACTION
) ENGINE=InnoDB DEFAULT CHARSET=latin1 COLLATE=latin1_spanish_ci;
/*!40101 SET character_set_client = @saved_cs_client */;

--
-- Dumping data for table `pcs_common_security_actions_access_roles`
--

LOCK TABLES `pcs_common_security_actions_access_roles` WRITE;
/*!40000 ALTER TABLE `pcs_common_security_actions_access_roles` DISABLE KEYS */;
INSERT INTO `pcs_common_security_actions_access_roles` VALUES (1,1),(2,1),(3,1),(4,1),(5,1),(6,1),(7,1),(8,1),(9,1),(10,1),(11,1),(12,1),(13,1),(14,1),(15,1),(16,1),(17,1),(18,1),(19,1),(20,1),(21,1),(22,1),(23,1),(24,1),(25,1),(26,1),(27,1),(28,1),(29,1),(30,1),(31,1),(32,1),(33,1),(34,1),(35,1),(36,1),(37,1),(38,1),(39,1),(40,1),(41,1),(42,1),(43,1),(44,1),(45,1),(46,1),(47,1),(48,1),(49,1),(50,1),(51,1),(52,1),(53,1),(54,1),(55,1),(56,1),(57,1),(58,1),(59,1),(60,1),(61,1),(62,1),(63,1),(64,1),(65,1),(66,1),(67,1),(68,1),(69,1),(70,1),(71,1),(72,1),(73,1),(74,1),(75,1),(76,1),(77,1),(78,1),(79,1),(80,1),(81,1),(82,1),(83,1),(84,1),(85,1),(86,1),(87,1),(88,1),(89,1),(90,1),(91,1),(92,1),(93,1),(94,1),(95,1),(96,1),(97,1),(98,1),(99,1),(100,1),(101,1),(102,1),(103,1),(104,1),(105,1),(106,1),(107,1),(108,1),(109,1),(110,1),(111,1),(112,1),(113,1),(114,1),(115,1),(116,1),(117,1),(118,1),(119,1),(120,1),(121,1),(122,1),(123,1),(124,1),(125,1),(126,1),(127,1),(128,1),(129,1),(130,1),(131,1),(132,1),(133,1),(134,1),(135,1),(136,1),(137,1),(138,1),(139,1),(140,1),(141,1),(142,1),(143,1),(144,1),(145,1),(146,1),(147,1),(148,1),(149,1),(150,1),(151,1),(152,1),(153,1),(154,1),(155,1),(156,1),(157,1),(158,1),(159,1),(160,1),(161,1),(162,1),(163,1),(164,1),(165,1),(166,1),(167,1),(168,1),(169,1),(170,1),(171,1),(172,1),(173,1),(174,1),(175,1),(176,1),(177,1),(178,1),(179,1),(180,1),(181,1),(182,1),(183,1),(184,1),(185,1),(186,1),(187,1),(188,1),(189,1),(190,1),(191,1),(192,1),(193,1),(194,1),(195,1),(196,1),(197,1),(198,1),(199,1),(200,1),(201,1),(202,1),(203,1),(204,1),(205,1),(206,1),(207,1),(208,1),(209,1),(210,1),(211,1),(212,1),(213,1),(214,1),(215,1),(216,1),(217,1),(218,1),(219,1),(220,1),(221,1),(222,1),(223,1),(224,1),(225,1),(226,1),(227,1),(228,1),(229,1),(230,1),(231,1),(232,1),(233,1),(234,1),(235,1),(236,1),(237,1),(238,1),(239,1),(240,1),(241,1),(242,1),(243,1),(244,1),(245,1);
/*!40000 ALTER TABLE `pcs_common_security_actions_access_roles` ENABLE KEYS */;
UNLOCK TABLES;

--
-- Table structure for table `pcs_common_security_controllers`
--

DROP TABLE IF EXISTS `pcs_common_security_controllers`;
/*!40101 SET @saved_cs_client     = @@character_set_client */;
/*!40101 SET character_set_client = utf8 */;
CREATE TABLE `pcs_common_security_controllers` (
  `id_controller` int(11) unsigned NOT NULL AUTO_INCREMENT,
  `name` varchar(45) COLLATE latin1_spanish_ci NOT NULL,
  PRIMARY KEY (`id_controller`)
) ENGINE=InnoDB AUTO_INCREMENT=32 DEFAULT CHARSET=latin1 COLLATE=latin1_spanish_ci;
/*!40101 SET character_set_client = @saved_cs_client */;

--
-- Dumping data for table `pcs_common_security_controllers`
--

LOCK TABLES `pcs_common_security_controllers` WRITE;
/*!40000 ALTER TABLE `pcs_common_security_controllers` DISABLE KEYS */;
INSERT INTO `pcs_common_security_controllers` VALUES (1,'cron'),(2,'index'),(3,'employee'),(4,'escalation'),(5,'category'),(6,'position'),(7,'menu'),(8,'ticket-type'),(9,'ticket'),(10,'workweek'),(11,'customize'),(12,'auth'),(13,'activity'),(14,'template-email'),(15,'attachment'),(16,'option'),(17,'activity-report'),(18,'session'),(19,'channel'),(20,'group'),(21,'service-level'),(22,'location'),(23,'company'),(24,'resolution'),(25,'area'),(26,'impact'),(27,'user'),(28,'access-role'),(29,'calendar'),(30,'error'),(31,'priority');
/*!40000 ALTER TABLE `pcs_common_security_controllers` ENABLE KEYS */;
UNLOCK TABLES;

--
-- Table structure for table `pcs_common_user_logs`
--

DROP TABLE IF EXISTS `pcs_common_user_logs`;
/*!40101 SET @saved_cs_client     = @@character_set_client */;
/*!40101 SET character_set_client = utf8 */;
CREATE TABLE `pcs_common_user_logs` (
  `id_user_log` int(11) unsigned NOT NULL AUTO_INCREMENT,
  `id_user` int(11) unsigned NOT NULL,
  `event_type` int(4) unsigned NOT NULL,
  `ip` varchar(15) COLLATE latin1_spanish_ci NOT NULL DEFAULT '000.000.000.000',
  `id_responsible` int(11) unsigned DEFAULT NULL,
  `timestamp` timestamp NOT NULL DEFAULT CURRENT_TIMESTAMP,
  `note` text COLLATE latin1_spanish_ci,
  PRIMARY KEY (`id_user_log`),
  KEY `fk_user_logs` (`id_user`),
  CONSTRAINT `fk_user_logs` FOREIGN KEY (`id_user`) REFERENCES `pcs_common_users` (`id_user`) ON DELETE NO ACTION ON UPDATE NO ACTION
) ENGINE=InnoDB AUTO_INCREMENT=3 DEFAULT CHARSET=latin1 COLLATE=latin1_spanish_ci;
/*!40101 SET character_set_client = @saved_cs_client */;

--
-- Dumping data for table `pcs_common_user_logs`
--

LOCK TABLES `pcs_common_user_logs` WRITE;
/*!40000 ALTER TABLE `pcs_common_user_logs` DISABLE KEYS */;
INSERT INTO `pcs_common_user_logs` VALUES (1,1,1,'127.0.0.1',1,'2012-04-27 18:50:23','Inicio de sesin'),(2,1,1,'127.0.0.1',1,'2012-05-07 15:29:28','Inicio de sesin');
/*!40000 ALTER TABLE `pcs_common_user_logs` ENABLE KEYS */;
UNLOCK TABLES;

--
-- Table structure for table `pcs_common_users`
--

DROP TABLE IF EXISTS `pcs_common_users`;
/*!40101 SET @saved_cs_client     = @@character_set_client */;
/*!40101 SET character_set_client = utf8 */;
CREATE TABLE `pcs_common_users` (
  `id_user` int(11) unsigned NOT NULL AUTO_INCREMENT,
  `id_employee` int(11) unsigned NOT NULL,
  `id_access_role` int(11) unsigned NOT NULL,
  `username` varchar(20) COLLATE latin1_spanish_ci NOT NULL,
  `password` varchar(45) COLLATE latin1_spanish_ci NOT NULL,
  `status` int(2) unsigned NOT NULL,
  PRIMARY KEY (`id_user`),
  UNIQUE KEY `username_UNIQUE` (`username`),
  KEY `fk_user_access_role` (`id_access_role`),
  KEY `fk_pcs_common_users_pcs_symphony_employees1` (`id_employee`),
  CONSTRAINT `fk_pcs_common_users_pcs_symphony_employees1` FOREIGN KEY (`id_employee`) REFERENCES `pcs_symphony_employees` (`id_employee`) ON DELETE NO ACTION ON UPDATE NO ACTION,
  CONSTRAINT `fk_user_access_role` FOREIGN KEY (`id_access_role`) REFERENCES `pcs_common_access_roles` (`id_access_role`) ON DELETE NO ACTION ON UPDATE NO ACTION
) ENGINE=InnoDB AUTO_INCREMENT=2 DEFAULT CHARSET=latin1 COLLATE=latin1_spanish_ci;
/*!40101 SET character_set_client = @saved_cs_client */;

--
-- Dumping data for table `pcs_common_users`
--

LOCK TABLES `pcs_common_users` WRITE;
/*!40000 ALTER TABLE `pcs_common_users` DISABLE KEYS */;
INSERT INTO `pcs_common_users` VALUES (1,1,1,'admin','*23AE809DDACAF96AF0FD78ED04B6A265E05AA257',1);
/*!40000 ALTER TABLE `pcs_common_users` ENABLE KEYS */;
UNLOCK TABLES;

--
-- Table structure for table `pcs_symphony_activities`
--

DROP TABLE IF EXISTS `pcs_symphony_activities`;
/*!40101 SET @saved_cs_client     = @@character_set_client */;
/*!40101 SET character_set_client = utf8 */;
CREATE TABLE `pcs_symphony_activities` (
  `id_activity` int(11) unsigned NOT NULL AUTO_INCREMENT,
  `id_ticket` int(11) unsigned NOT NULL,
  `id_user` int(11) unsigned NOT NULL,
  `start_date` datetime NOT NULL,
  `end_date` datetime DEFAULT NULL,
  `note` text COLLATE latin1_spanish_ci NOT NULL,
  PRIMARY KEY (`id_activity`),
  KEY `fk_pcs_symphony_activities_pcs_common_users1` (`id_user`),
  KEY `fk_pcs_symphony_activities_pcs_symphony_tickets1` (`id_ticket`),
  CONSTRAINT `fk_pcs_symphony_activities_pcs_common_users1` FOREIGN KEY (`id_user`) REFERENCES `pcs_common_users` (`id_user`) ON DELETE NO ACTION ON UPDATE NO ACTION,
  CONSTRAINT `fk_pcs_symphony_activities_pcs_symphony_tickets1` FOREIGN KEY (`id_ticket`) REFERENCES `pcs_symphony_tickets` (`id_ticket`) ON DELETE NO ACTION ON UPDATE NO ACTION
) ENGINE=InnoDB DEFAULT CHARSET=latin1 COLLATE=latin1_spanish_ci;
/*!40101 SET character_set_client = @saved_cs_client */;

--
-- Dumping data for table `pcs_symphony_activities`
--

LOCK TABLES `pcs_symphony_activities` WRITE;
/*!40000 ALTER TABLE `pcs_symphony_activities` DISABLE KEYS */;
/*!40000 ALTER TABLE `pcs_symphony_activities` ENABLE KEYS */;
UNLOCK TABLES;

--
-- Table structure for table `pcs_symphony_area_logs`
--

DROP TABLE IF EXISTS `pcs_symphony_area_logs`;
/*!40101 SET @saved_cs_client     = @@character_set_client */;
/*!40101 SET character_set_client = utf8 */;
CREATE TABLE `pcs_symphony_area_logs` (
  `id_area_log` int(11) unsigned NOT NULL AUTO_INCREMENT,
  `id_area` int(11) unsigned NOT NULL,
  `id_user` int(11) unsigned NOT NULL,
  `date_log` timestamp NOT NULL DEFAULT CURRENT_TIMESTAMP ON UPDATE CURRENT_TIMESTAMP,
  `event_type` int(2) unsigned NOT NULL,
  `note` text COLLATE latin1_spanish_ci,
  PRIMARY KEY (`id_area_log`),
  KEY `fk_pcs_symphony_area_logs_pcs_common_users1` (`id_user`),
  KEY `fk_pcs_symphony_area_logs_pcs_symphony_areas1` (`id_area`),
  CONSTRAINT `fk_pcs_symphony_area_logs_pcs_common_users1` FOREIGN KEY (`id_user`) REFERENCES `pcs_common_users` (`id_user`) ON DELETE NO ACTION ON UPDATE NO ACTION,
  CONSTRAINT `fk_pcs_symphony_area_logs_pcs_symphony_areas1` FOREIGN KEY (`id_area`) REFERENCES `pcs_symphony_areas` (`id_area`) ON DELETE NO ACTION ON UPDATE NO ACTION
) ENGINE=InnoDB DEFAULT CHARSET=latin1 COLLATE=latin1_spanish_ci;
/*!40101 SET character_set_client = @saved_cs_client */;

--
-- Dumping data for table `pcs_symphony_area_logs`
--

LOCK TABLES `pcs_symphony_area_logs` WRITE;
/*!40000 ALTER TABLE `pcs_symphony_area_logs` DISABLE KEYS */;
/*!40000 ALTER TABLE `pcs_symphony_area_logs` ENABLE KEYS */;
UNLOCK TABLES;

--
-- Table structure for table `pcs_symphony_areas`
--

DROP TABLE IF EXISTS `pcs_symphony_areas`;
/*!40101 SET @saved_cs_client     = @@character_set_client */;
/*!40101 SET character_set_client = utf8 */;
CREATE TABLE `pcs_symphony_areas` (
  `id_area` int(11) unsigned NOT NULL AUTO_INCREMENT,
  `id_company` int(11) unsigned NOT NULL,
  `name` varchar(45) COLLATE latin1_spanish_ci NOT NULL,
  `status` int(2) unsigned NOT NULL,
  PRIMARY KEY (`id_area`),
  UNIQUE KEY `index3` (`id_company`,`name`),
  KEY `fk_pcs_symphony_areas_pcs_symphony_companies1` (`id_company`),
  CONSTRAINT `fk_pcs_symphony_areas_pcs_symphony_companies1` FOREIGN KEY (`id_company`) REFERENCES `pcs_symphony_companies` (`id_company`) ON DELETE NO ACTION ON UPDATE NO ACTION
) ENGINE=InnoDB AUTO_INCREMENT=2 DEFAULT CHARSET=latin1 COLLATE=latin1_spanish_ci;
/*!40101 SET character_set_client = @saved_cs_client */;

--
-- Dumping data for table `pcs_symphony_areas`
--

LOCK TABLES `pcs_symphony_areas` WRITE;
/*!40000 ALTER TABLE `pcs_symphony_areas` DISABLE KEYS */;
INSERT INTO `pcs_symphony_areas` VALUES (1,1,'Sistemas',1);
/*!40000 ALTER TABLE `pcs_symphony_areas` ENABLE KEYS */;
UNLOCK TABLES;

--
-- Table structure for table `pcs_symphony_assignments`
--

DROP TABLE IF EXISTS `pcs_symphony_assignments`;
/*!40101 SET @saved_cs_client     = @@character_set_client */;
/*!40101 SET character_set_client = utf8 */;
CREATE TABLE `pcs_symphony_assignments` (
  `id_assignment` int(11) unsigned NOT NULL AUTO_INCREMENT,
  `id_ticket` int(11) unsigned NOT NULL,
  `id_user` int(11) unsigned NOT NULL,
  `assignment_date` timestamp NOT NULL DEFAULT CURRENT_TIMESTAMP ON UPDATE CURRENT_TIMESTAMP,
  `id_resolution` int(11) unsigned DEFAULT NULL,
  `resolution_date` timestamp NULL DEFAULT NULL,
  `note` text COLLATE latin1_spanish_ci,
  PRIMARY KEY (`id_assignment`),
  KEY `fk_pcs_symphony_assignations_pcs_symphony_tickets1` (`id_ticket`),
  KEY `fk_pcs_symphony_assignations_pcs_common_users1` (`id_user`),
  KEY `fk_pcs_symphony_assignments_pcs_symphony_resolutions1` (`id_resolution`),
  CONSTRAINT `fk_pcs_symphony_assignations_pcs_common_users1` FOREIGN KEY (`id_user`) REFERENCES `pcs_common_users` (`id_user`) ON DELETE NO ACTION ON UPDATE NO ACTION,
  CONSTRAINT `fk_pcs_symphony_assignations_pcs_symphony_tickets1` FOREIGN KEY (`id_ticket`) REFERENCES `pcs_symphony_tickets` (`id_ticket`) ON DELETE NO ACTION ON UPDATE NO ACTION,
  CONSTRAINT `fk_pcs_symphony_assignments_pcs_symphony_resolutions1` FOREIGN KEY (`id_resolution`) REFERENCES `pcs_symphony_resolutions` (`id_resolution`) ON DELETE NO ACTION ON UPDATE NO ACTION
) ENGINE=InnoDB DEFAULT CHARSET=latin1 COLLATE=latin1_spanish_ci;
/*!40101 SET character_set_client = @saved_cs_client */;

--
-- Dumping data for table `pcs_symphony_assignments`
--

LOCK TABLES `pcs_symphony_assignments` WRITE;
/*!40000 ALTER TABLE `pcs_symphony_assignments` DISABLE KEYS */;
/*!40000 ALTER TABLE `pcs_symphony_assignments` ENABLE KEYS */;
UNLOCK TABLES;

--
-- Table structure for table `pcs_symphony_attachments`
--

DROP TABLE IF EXISTS `pcs_symphony_attachments`;
/*!40101 SET @saved_cs_client     = @@character_set_client */;
/*!40101 SET character_set_client = utf8 */;
CREATE TABLE `pcs_symphony_attachments` (
  `id_attachment` int(11) unsigned NOT NULL AUTO_INCREMENT,
  `id_file` int(11) unsigned NOT NULL,
  `id_ticket` int(11) unsigned NOT NULL,
  `id_user` int(11) unsigned NOT NULL,
  `created_at` timestamp NOT NULL DEFAULT CURRENT_TIMESTAMP,
  PRIMARY KEY (`id_attachment`),
  KEY `id_file` (`id_file`,`id_ticket`),
  KEY `id_ticket` (`id_ticket`),
  KEY `id_user` (`id_user`),
  CONSTRAINT `pcs_symphony_attachments_ibfk_1` FOREIGN KEY (`id_file`) REFERENCES `pcs_symphony_files` (`id_file`) ON DELETE NO ACTION ON UPDATE NO ACTION,
  CONSTRAINT `pcs_symphony_attachments_ibfk_2` FOREIGN KEY (`id_ticket`) REFERENCES `pcs_symphony_tickets` (`id_ticket`) ON DELETE NO ACTION ON UPDATE NO ACTION
) ENGINE=InnoDB DEFAULT CHARSET=latin1 COLLATE=latin1_spanish_ci;
/*!40101 SET character_set_client = @saved_cs_client */;

--
-- Dumping data for table `pcs_symphony_attachments`
--

LOCK TABLES `pcs_symphony_attachments` WRITE;
/*!40000 ALTER TABLE `pcs_symphony_attachments` DISABLE KEYS */;
/*!40000 ALTER TABLE `pcs_symphony_attachments` ENABLE KEYS */;
UNLOCK TABLES;

--
-- Table structure for table `pcs_symphony_categories`
--

DROP TABLE IF EXISTS `pcs_symphony_categories`;
/*!40101 SET @saved_cs_client     = @@character_set_client */;
/*!40101 SET character_set_client = utf8 */;
CREATE TABLE `pcs_symphony_categories` (
  `id_category` int(11) unsigned NOT NULL AUTO_INCREMENT,
  `id_company` int(11) unsigned NOT NULL,
  `name` varchar(45) COLLATE latin1_spanish_ci NOT NULL,
  `id_group` int(11) unsigned NOT NULL,
  `id_escalation` int(11) unsigned NOT NULL,
  `id_parent` int(11) unsigned DEFAULT NULL,
  `id_service_level` int(11) unsigned NOT NULL,
  `status` int(2) NOT NULL,
  `is_leaf` tinyint(1) DEFAULT '1',
  `note` text COLLATE latin1_spanish_ci,
  PRIMARY KEY (`id_category`),
  UNIQUE KEY `index7` (`id_company`,`name`),
  KEY `fk_pcs_symphony_categories_pcs_symphony_companies1` (`id_company`),
  KEY `fk_pcs_symphony_categories_pcs_symphony_groups1` (`id_group`),
  KEY `fk_pcs_symphony_categories_pcs_symphony_escalations1` (`id_escalation`),
  KEY `fk_pcs_symphony_categories_pcs_symphony_service_levels1` (`id_service_level`),
  KEY `fk_pcs_symphony_categories_1` (`id_parent`),
  CONSTRAINT `fk_pcs_symphony_categories_1` FOREIGN KEY (`id_parent`) REFERENCES `pcs_symphony_categories` (`id_category`) ON DELETE NO ACTION ON UPDATE NO ACTION,
  CONSTRAINT `fk_pcs_symphony_categories_pcs_symphony_companies1` FOREIGN KEY (`id_company`) REFERENCES `pcs_symphony_companies` (`id_company`) ON DELETE NO ACTION ON UPDATE NO ACTION,
  CONSTRAINT `fk_pcs_symphony_categories_pcs_symphony_escalations1` FOREIGN KEY (`id_escalation`) REFERENCES `pcs_symphony_escalations` (`id_escalation`) ON DELETE NO ACTION ON UPDATE NO ACTION,
  CONSTRAINT `fk_pcs_symphony_categories_pcs_symphony_groups1` FOREIGN KEY (`id_group`) REFERENCES `pcs_symphony_groups` (`id_group`) ON DELETE NO ACTION ON UPDATE NO ACTION,
  CONSTRAINT `fk_pcs_symphony_categories_pcs_symphony_service_levels1` FOREIGN KEY (`id_service_level`) REFERENCES `pcs_symphony_service_levels` (`id_service_level`) ON DELETE NO ACTION ON UPDATE NO ACTION
) ENGINE=InnoDB DEFAULT CHARSET=latin1 COLLATE=latin1_spanish_ci;
/*!40101 SET character_set_client = @saved_cs_client */;

--
-- Dumping data for table `pcs_symphony_categories`
--

LOCK TABLES `pcs_symphony_categories` WRITE;
/*!40000 ALTER TABLE `pcs_symphony_categories` DISABLE KEYS */;
/*!40000 ALTER TABLE `pcs_symphony_categories` ENABLE KEYS */;
UNLOCK TABLES;

--
-- Table structure for table `pcs_symphony_category_logs`
--

DROP TABLE IF EXISTS `pcs_symphony_category_logs`;
/*!40101 SET @saved_cs_client     = @@character_set_client */;
/*!40101 SET character_set_client = utf8 */;
CREATE TABLE `pcs_symphony_category_logs` (
  `id_category_log` int(11) unsigned NOT NULL AUTO_INCREMENT,
  `id_category` int(11) unsigned NOT NULL,
  `id_user` int(11) unsigned NOT NULL,
  `date_log` timestamp NOT NULL DEFAULT CURRENT_TIMESTAMP ON UPDATE CURRENT_TIMESTAMP,
  `event_type` int(2) NOT NULL,
  `note` text COLLATE latin1_spanish_ci,
  PRIMARY KEY (`id_category_log`),
  KEY `fk_pcs_symphony_category_logs_pcs_symphony_categories1` (`id_category`),
  KEY `fk_pcs_symphony_category_logs_pcs_common_users1` (`id_user`),
  CONSTRAINT `fk_pcs_symphony_category_logs_pcs_common_users1` FOREIGN KEY (`id_user`) REFERENCES `pcs_common_users` (`id_user`) ON DELETE NO ACTION ON UPDATE NO ACTION,
  CONSTRAINT `fk_pcs_symphony_category_logs_pcs_symphony_categories1` FOREIGN KEY (`id_category`) REFERENCES `pcs_symphony_categories` (`id_category`) ON DELETE NO ACTION ON UPDATE NO ACTION
) ENGINE=InnoDB DEFAULT CHARSET=latin1 COLLATE=latin1_spanish_ci;
/*!40101 SET character_set_client = @saved_cs_client */;

--
-- Dumping data for table `pcs_symphony_category_logs`
--

LOCK TABLES `pcs_symphony_category_logs` WRITE;
/*!40000 ALTER TABLE `pcs_symphony_category_logs` DISABLE KEYS */;
/*!40000 ALTER TABLE `pcs_symphony_category_logs` ENABLE KEYS */;
UNLOCK TABLES;

--
-- Table structure for table `pcs_symphony_channels`
--

DROP TABLE IF EXISTS `pcs_symphony_channels`;
/*!40101 SET @saved_cs_client     = @@character_set_client */;
/*!40101 SET character_set_client = utf8 */;
CREATE TABLE `pcs_symphony_channels` (
  `id_channel` int(11) unsigned NOT NULL AUTO_INCREMENT,
  `name` varchar(70) COLLATE latin1_spanish_ci NOT NULL,
  `status` int(2) NOT NULL,
  PRIMARY KEY (`id_channel`),
  UNIQUE KEY `name_UNIQUE` (`name`)
) ENGINE=InnoDB DEFAULT CHARSET=latin1 COLLATE=latin1_spanish_ci;
/*!40101 SET character_set_client = @saved_cs_client */;

--
-- Dumping data for table `pcs_symphony_channels`
--

LOCK TABLES `pcs_symphony_channels` WRITE;
/*!40000 ALTER TABLE `pcs_symphony_channels` DISABLE KEYS */;
/*!40000 ALTER TABLE `pcs_symphony_channels` ENABLE KEYS */;
UNLOCK TABLES;

--
-- Table structure for table `pcs_symphony_channels_logs`
--

DROP TABLE IF EXISTS `pcs_symphony_channels_logs`;
/*!40101 SET @saved_cs_client     = @@character_set_client */;
/*!40101 SET character_set_client = utf8 */;
CREATE TABLE `pcs_symphony_channels_logs` (
  `id_channels_logs` int(11) unsigned NOT NULL AUTO_INCREMENT,
  `id_channel` int(11) unsigned NOT NULL,
  `id_user` int(11) unsigned NOT NULL,
  `date_log` timestamp NOT NULL DEFAULT CURRENT_TIMESTAMP ON UPDATE CURRENT_TIMESTAMP,
  `event_type` int(4) NOT NULL,
  `note` text COLLATE latin1_spanish_ci,
  PRIMARY KEY (`id_channels_logs`),
  KEY `fk_pcs_symphony_channels_logs_pcs_symphony_channels1` (`id_channel`),
  KEY `fk_pcs_symphony_channels_logs_pcs_common_users1` (`id_user`),
  CONSTRAINT `fk_pcs_symphony_channels_logs_pcs_common_users1` FOREIGN KEY (`id_user`) REFERENCES `pcs_common_users` (`id_user`) ON DELETE NO ACTION ON UPDATE NO ACTION,
  CONSTRAINT `fk_pcs_symphony_channels_logs_pcs_symphony_channels1` FOREIGN KEY (`id_channel`) REFERENCES `pcs_symphony_channels` (`id_channel`) ON DELETE NO ACTION ON UPDATE NO ACTION
) ENGINE=InnoDB DEFAULT CHARSET=latin1 COLLATE=latin1_spanish_ci;
/*!40101 SET character_set_client = @saved_cs_client */;

--
-- Dumping data for table `pcs_symphony_channels_logs`
--

LOCK TABLES `pcs_symphony_channels_logs` WRITE;
/*!40000 ALTER TABLE `pcs_symphony_channels_logs` DISABLE KEYS */;
/*!40000 ALTER TABLE `pcs_symphony_channels_logs` ENABLE KEYS */;
UNLOCK TABLES;

--
-- Table structure for table `pcs_symphony_companies`
--

DROP TABLE IF EXISTS `pcs_symphony_companies`;
/*!40101 SET @saved_cs_client     = @@character_set_client */;
/*!40101 SET character_set_client = utf8 */;
CREATE TABLE `pcs_symphony_companies` (
  `id_company` int(11) unsigned NOT NULL AUTO_INCREMENT,
  `name` varchar(60) COLLATE latin1_spanish_ci NOT NULL,
  `status` int(2) NOT NULL,
  PRIMARY KEY (`id_company`),
  UNIQUE KEY `name_UNIQUE` (`name`)
) ENGINE=InnoDB AUTO_INCREMENT=2 DEFAULT CHARSET=latin1 COLLATE=latin1_spanish_ci;
/*!40101 SET character_set_client = @saved_cs_client */;

--
-- Dumping data for table `pcs_symphony_companies`
--

LOCK TABLES `pcs_symphony_companies` WRITE;
/*!40000 ALTER TABLE `pcs_symphony_companies` DISABLE KEYS */;
INSERT INTO `pcs_symphony_companies` VALUES (1,'Pcs',1);
/*!40000 ALTER TABLE `pcs_symphony_companies` ENABLE KEYS */;
UNLOCK TABLES;

--
-- Table structure for table `pcs_symphony_company_logs`
--

DROP TABLE IF EXISTS `pcs_symphony_company_logs`;
/*!40101 SET @saved_cs_client     = @@character_set_client */;
/*!40101 SET character_set_client = utf8 */;
CREATE TABLE `pcs_symphony_company_logs` (
  `id_company_log` int(11) unsigned NOT NULL AUTO_INCREMENT,
  `id_company` int(11) unsigned NOT NULL,
  `id_user` int(11) unsigned NOT NULL,
  `date_log` timestamp NOT NULL DEFAULT CURRENT_TIMESTAMP ON UPDATE CURRENT_TIMESTAMP,
  `event_type` int(2) NOT NULL,
  `note` text COLLATE latin1_spanish_ci,
  PRIMARY KEY (`id_company_log`),
  KEY `fk_pcs_symphony_company_logs_pcs_symphony_companies1` (`id_company`),
  KEY `fk_pcs_symphony_company_logs_pcs_common_users1` (`id_user`),
  CONSTRAINT `fk_pcs_symphony_company_logs_pcs_common_users1` FOREIGN KEY (`id_user`) REFERENCES `pcs_common_users` (`id_user`) ON DELETE NO ACTION ON UPDATE NO ACTION,
  CONSTRAINT `fk_pcs_symphony_company_logs_pcs_symphony_companies1` FOREIGN KEY (`id_company`) REFERENCES `pcs_symphony_companies` (`id_company`) ON DELETE NO ACTION ON UPDATE NO ACTION
) ENGINE=InnoDB DEFAULT CHARSET=latin1 COLLATE=latin1_spanish_ci;
/*!40101 SET character_set_client = @saved_cs_client */;

--
-- Dumping data for table `pcs_symphony_company_logs`
--

LOCK TABLES `pcs_symphony_company_logs` WRITE;
/*!40000 ALTER TABLE `pcs_symphony_company_logs` DISABLE KEYS */;
/*!40000 ALTER TABLE `pcs_symphony_company_logs` ENABLE KEYS */;
UNLOCK TABLES;

--
-- Table structure for table `pcs_symphony_employee_logs`
--

DROP TABLE IF EXISTS `pcs_symphony_employee_logs`;
/*!40101 SET @saved_cs_client     = @@character_set_client */;
/*!40101 SET character_set_client = utf8 */;
CREATE TABLE `pcs_symphony_employee_logs` (
  `id_employee_log` int(11) unsigned NOT NULL AUTO_INCREMENT,
  `id_employee` int(11) unsigned NOT NULL,
  `id_user` int(11) unsigned NOT NULL,
  `date_log` timestamp NOT NULL DEFAULT CURRENT_TIMESTAMP ON UPDATE CURRENT_TIMESTAMP,
  `event_type` int(2) unsigned NOT NULL,
  `note` text COLLATE latin1_spanish_ci,
  PRIMARY KEY (`id_employee_log`),
  KEY `fk_pcs_symphony_employee_logs_pcs_symphony_employees1` (`id_employee`),
  KEY `fk_pcs_symphony_employee_logs_pcs_common_users1` (`id_user`),
  CONSTRAINT `fk_pcs_symphony_employee_logs_pcs_common_users1` FOREIGN KEY (`id_user`) REFERENCES `pcs_common_users` (`id_user`) ON DELETE NO ACTION ON UPDATE NO ACTION,
  CONSTRAINT `fk_pcs_symphony_employee_logs_pcs_symphony_employees1` FOREIGN KEY (`id_employee`) REFERENCES `pcs_symphony_employees` (`id_employee`) ON DELETE NO ACTION ON UPDATE NO ACTION
) ENGINE=InnoDB DEFAULT CHARSET=latin1 COLLATE=latin1_spanish_ci;
/*!40101 SET character_set_client = @saved_cs_client */;

--
-- Dumping data for table `pcs_symphony_employee_logs`
--

LOCK TABLES `pcs_symphony_employee_logs` WRITE;
/*!40000 ALTER TABLE `pcs_symphony_employee_logs` DISABLE KEYS */;
/*!40000 ALTER TABLE `pcs_symphony_employee_logs` ENABLE KEYS */;
UNLOCK TABLES;

--
-- Table structure for table `pcs_symphony_employees`
--

DROP TABLE IF EXISTS `pcs_symphony_employees`;
/*!40101 SET @saved_cs_client     = @@character_set_client */;
/*!40101 SET character_set_client = utf8 */;
CREATE TABLE `pcs_symphony_employees` (
  `id_employee` int(11) unsigned NOT NULL AUTO_INCREMENT,
  `id_person` int(11) unsigned NOT NULL,
  `id_position` int(11) unsigned NOT NULL,
  `id_area` int(11) unsigned NOT NULL,
  `id_location` int(11) unsigned NOT NULL,
  `status_employee` int(2) NOT NULL,
  `is_vip` tinyint(1) DEFAULT '0',
  `id_company` int(11) unsigned NOT NULL DEFAULT '1',
  PRIMARY KEY (`id_employee`),
  UNIQUE KEY `id_person_UNIQUE` (`id_person`),
  KEY `fk_pcs_symphony_employees_pcs_common_persons1` (`id_person`),
  KEY `fk_pcs_symphony_employees_pcs_symphony_positions1` (`id_position`),
  KEY `fk_pcs_symphony_employees_pcs_symphony_locations1` (`id_location`),
  KEY `fk_pcs_symphony_employees_pcs_symphony_areas1` (`id_area`),
  KEY `id_company` (`id_company`),
  CONSTRAINT `fk_pcs_symphony_employees_pcs_common_persons1` FOREIGN KEY (`id_person`) REFERENCES `pcs_common_persons` (`id_person`) ON DELETE NO ACTION ON UPDATE NO ACTION,
  CONSTRAINT `fk_pcs_symphony_employees_pcs_symphony_areas1` FOREIGN KEY (`id_area`) REFERENCES `pcs_symphony_areas` (`id_area`) ON DELETE NO ACTION ON UPDATE NO ACTION,
  CONSTRAINT `fk_pcs_symphony_employees_pcs_symphony_locations1` FOREIGN KEY (`id_location`) REFERENCES `pcs_symphony_locations` (`id_location`) ON DELETE NO ACTION ON UPDATE NO ACTION,
  CONSTRAINT `fk_pcs_symphony_employees_pcs_symphony_positions1` FOREIGN KEY (`id_position`) REFERENCES `pcs_symphony_positions` (`id_position`) ON DELETE NO ACTION ON UPDATE NO ACTION,
  CONSTRAINT `pcs_symphony_employees_ibfk_1` FOREIGN KEY (`id_company`) REFERENCES `pcs_symphony_companies` (`id_company`) ON DELETE NO ACTION ON UPDATE NO ACTION
) ENGINE=InnoDB AUTO_INCREMENT=2 DEFAULT CHARSET=latin1 COLLATE=latin1_spanish_ci;
/*!40101 SET character_set_client = @saved_cs_client */;

--
-- Dumping data for table `pcs_symphony_employees`
--

LOCK TABLES `pcs_symphony_employees` WRITE;
/*!40000 ALTER TABLE `pcs_symphony_employees` DISABLE KEYS */;
INSERT INTO `pcs_symphony_employees` VALUES (1,1,2,1,2,1,0,1);
/*!40000 ALTER TABLE `pcs_symphony_employees` ENABLE KEYS */;
UNLOCK TABLES;

--
-- Table structure for table `pcs_symphony_escalation_details`
--

DROP TABLE IF EXISTS `pcs_symphony_escalation_details`;
/*!40101 SET @saved_cs_client     = @@character_set_client */;
/*!40101 SET character_set_client = utf8 */;
CREATE TABLE `pcs_symphony_escalation_details` (
  `id_escalation_details` int(11) unsigned NOT NULL AUTO_INCREMENT,
  `id_escalation` int(11) unsigned NOT NULL,
  `percentage` int(4) unsigned NOT NULL,
  `type` int(2) unsigned NOT NULL,
  `value` varchar(255) COLLATE latin1_spanish_ci NOT NULL,
  PRIMARY KEY (`id_escalation_details`),
  KEY `fk_pcs_common_users_pcs_symphony_escalations_pcs_symphony_esc1` (`id_escalation_details`),
  KEY `fk_pcs_symphony_escalation_details_pcs_symphony_escalations1` (`id_escalation`),
  CONSTRAINT `fk_pcs_symphony_escalation_details_pcs_symphony_escalations1` FOREIGN KEY (`id_escalation`) REFERENCES `pcs_symphony_escalations` (`id_escalation`) ON DELETE NO ACTION ON UPDATE NO ACTION
) ENGINE=InnoDB DEFAULT CHARSET=latin1 COLLATE=latin1_spanish_ci;
/*!40101 SET character_set_client = @saved_cs_client */;

--
-- Dumping data for table `pcs_symphony_escalation_details`
--

LOCK TABLES `pcs_symphony_escalation_details` WRITE;
/*!40000 ALTER TABLE `pcs_symphony_escalation_details` DISABLE KEYS */;
/*!40000 ALTER TABLE `pcs_symphony_escalation_details` ENABLE KEYS */;
UNLOCK TABLES;

--
-- Table structure for table `pcs_symphony_escalation_logs`
--

DROP TABLE IF EXISTS `pcs_symphony_escalation_logs`;
/*!40101 SET @saved_cs_client     = @@character_set_client */;
/*!40101 SET character_set_client = utf8 */;
CREATE TABLE `pcs_symphony_escalation_logs` (
  `id_escalation_log` int(11) unsigned NOT NULL AUTO_INCREMENT,
  `id_escalation` int(11) unsigned NOT NULL,
  `id_user` int(11) unsigned NOT NULL,
  `date_log` timestamp NOT NULL DEFAULT CURRENT_TIMESTAMP ON UPDATE CURRENT_TIMESTAMP,
  `event_type` int(2) unsigned NOT NULL,
  `note` text COLLATE latin1_spanish_ci,
  PRIMARY KEY (`id_escalation_log`),
  KEY `fk_pcs_symphony_escalation_logs_pcs_symphony_escalations1` (`id_escalation`),
  KEY `fk_pcs_symphony_escalation_logs_pcs_common_users1` (`id_user`),
  CONSTRAINT `fk_pcs_symphony_escalation_logs_pcs_common_users1` FOREIGN KEY (`id_user`) REFERENCES `pcs_common_users` (`id_user`) ON DELETE NO ACTION ON UPDATE NO ACTION,
  CONSTRAINT `fk_pcs_symphony_escalation_logs_pcs_symphony_escalations1` FOREIGN KEY (`id_escalation`) REFERENCES `pcs_symphony_escalations` (`id_escalation`) ON DELETE NO ACTION ON UPDATE NO ACTION
) ENGINE=InnoDB DEFAULT CHARSET=latin1 COLLATE=latin1_spanish_ci;
/*!40101 SET character_set_client = @saved_cs_client */;

--
-- Dumping data for table `pcs_symphony_escalation_logs`
--

LOCK TABLES `pcs_symphony_escalation_logs` WRITE;
/*!40000 ALTER TABLE `pcs_symphony_escalation_logs` DISABLE KEYS */;
/*!40000 ALTER TABLE `pcs_symphony_escalation_logs` ENABLE KEYS */;
UNLOCK TABLES;

--
-- Table structure for table `pcs_symphony_escalations`
--

DROP TABLE IF EXISTS `pcs_symphony_escalations`;
/*!40101 SET @saved_cs_client     = @@character_set_client */;
/*!40101 SET character_set_client = utf8 */;
CREATE TABLE `pcs_symphony_escalations` (
  `id_escalation` int(11) unsigned NOT NULL AUTO_INCREMENT,
  `name` varchar(45) COLLATE latin1_spanish_ci NOT NULL,
  `status` int(2) NOT NULL,
  PRIMARY KEY (`id_escalation`),
  UNIQUE KEY `name_UNIQUE` (`name`)
) ENGINE=InnoDB DEFAULT CHARSET=latin1 COLLATE=latin1_spanish_ci;
/*!40101 SET character_set_client = @saved_cs_client */;

--
-- Dumping data for table `pcs_symphony_escalations`
--

LOCK TABLES `pcs_symphony_escalations` WRITE;
/*!40000 ALTER TABLE `pcs_symphony_escalations` DISABLE KEYS */;
/*!40000 ALTER TABLE `pcs_symphony_escalations` ENABLE KEYS */;
UNLOCK TABLES;

--
-- Table structure for table `pcs_symphony_files`
--

DROP TABLE IF EXISTS `pcs_symphony_files`;
/*!40101 SET @saved_cs_client     = @@character_set_client */;
/*!40101 SET character_set_client = utf8 */;
CREATE TABLE `pcs_symphony_files` (
  `id_file` int(11) unsigned NOT NULL AUTO_INCREMENT,
  `uri` text COLLATE latin1_spanish_ci NOT NULL,
  `original_name` text COLLATE latin1_spanish_ci NOT NULL,
  PRIMARY KEY (`id_file`)
) ENGINE=InnoDB DEFAULT CHARSET=latin1 COLLATE=latin1_spanish_ci;
/*!40101 SET character_set_client = @saved_cs_client */;

--
-- Dumping data for table `pcs_symphony_files`
--

LOCK TABLES `pcs_symphony_files` WRITE;
/*!40000 ALTER TABLE `pcs_symphony_files` DISABLE KEYS */;
/*!40000 ALTER TABLE `pcs_symphony_files` ENABLE KEYS */;
UNLOCK TABLES;

--
-- Table structure for table `pcs_symphony_group_logs`
--

DROP TABLE IF EXISTS `pcs_symphony_group_logs`;
/*!40101 SET @saved_cs_client     = @@character_set_client */;
/*!40101 SET character_set_client = utf8 */;
CREATE TABLE `pcs_symphony_group_logs` (
  `id_group_log` int(11) unsigned NOT NULL AUTO_INCREMENT,
  `id_group` int(11) unsigned NOT NULL,
  `id_user` int(11) unsigned NOT NULL,
  `date_log` timestamp NOT NULL DEFAULT CURRENT_TIMESTAMP ON UPDATE CURRENT_TIMESTAMP,
  `event_type` int(2) unsigned NOT NULL,
  `note` text COLLATE latin1_spanish_ci,
  PRIMARY KEY (`id_group_log`),
  KEY `fk_pcs_symphony_group_logs_pcs_symphony_groups1` (`id_group`),
  KEY `fk_pcs_symphony_group_logs_pcs_common_users1` (`id_user`),
  CONSTRAINT `fk_pcs_symphony_group_logs_pcs_common_users1` FOREIGN KEY (`id_user`) REFERENCES `pcs_common_users` (`id_user`) ON DELETE NO ACTION ON UPDATE NO ACTION,
  CONSTRAINT `fk_pcs_symphony_group_logs_pcs_symphony_groups1` FOREIGN KEY (`id_group`) REFERENCES `pcs_symphony_groups` (`id_group`) ON DELETE NO ACTION ON UPDATE NO ACTION
) ENGINE=InnoDB DEFAULT CHARSET=latin1 COLLATE=latin1_spanish_ci;
/*!40101 SET character_set_client = @saved_cs_client */;

--
-- Dumping data for table `pcs_symphony_group_logs`
--

LOCK TABLES `pcs_symphony_group_logs` WRITE;
/*!40000 ALTER TABLE `pcs_symphony_group_logs` DISABLE KEYS */;
/*!40000 ALTER TABLE `pcs_symphony_group_logs` ENABLE KEYS */;
UNLOCK TABLES;

--
-- Table structure for table `pcs_symphony_groups`
--

DROP TABLE IF EXISTS `pcs_symphony_groups`;
/*!40101 SET @saved_cs_client     = @@character_set_client */;
/*!40101 SET character_set_client = utf8 */;
CREATE TABLE `pcs_symphony_groups` (
  `id_group` int(11) unsigned NOT NULL AUTO_INCREMENT,
  `id_user` int(11) unsigned NOT NULL,
  `id_workweek` int(11) unsigned NOT NULL,
  `name` varchar(60) COLLATE latin1_spanish_ci NOT NULL,
  `status` int(2) unsigned NOT NULL,
  PRIMARY KEY (`id_group`),
  UNIQUE KEY `name_UNIQUE` (`name`),
  KEY `fk_pcs_symphony_groups_pcs_common_users1` (`id_user`),
  KEY `fk_pcs_symphony_groups_pcs_symphony_workweeks1` (`id_workweek`),
  CONSTRAINT `fk_pcs_symphony_groups_pcs_common_users1` FOREIGN KEY (`id_user`) REFERENCES `pcs_common_users` (`id_user`) ON DELETE NO ACTION ON UPDATE NO ACTION,
  CONSTRAINT `fk_pcs_symphony_groups_pcs_symphony_workweeks1` FOREIGN KEY (`id_workweek`) REFERENCES `pcs_symphony_workweeks` (`id_workweek`) ON DELETE NO ACTION ON UPDATE NO ACTION
) ENGINE=InnoDB DEFAULT CHARSET=latin1 COLLATE=latin1_spanish_ci;
/*!40101 SET character_set_client = @saved_cs_client */;

--
-- Dumping data for table `pcs_symphony_groups`
--

LOCK TABLES `pcs_symphony_groups` WRITE;
/*!40000 ALTER TABLE `pcs_symphony_groups` DISABLE KEYS */;
/*!40000 ALTER TABLE `pcs_symphony_groups` ENABLE KEYS */;
UNLOCK TABLES;

--
-- Table structure for table `pcs_symphony_impact_logs`
--

DROP TABLE IF EXISTS `pcs_symphony_impact_logs`;
/*!40101 SET @saved_cs_client     = @@character_set_client */;
/*!40101 SET character_set_client = utf8 */;
CREATE TABLE `pcs_symphony_impact_logs` (
  `id_impact_log` int(11) unsigned NOT NULL AUTO_INCREMENT,
  `id_impact` int(11) unsigned NOT NULL,
  `id_user` int(11) unsigned NOT NULL,
  `date_log` timestamp NOT NULL DEFAULT CURRENT_TIMESTAMP ON UPDATE CURRENT_TIMESTAMP,
  `event_type` int(2) unsigned NOT NULL,
  `note` text COLLATE latin1_spanish_ci,
  PRIMARY KEY (`id_impact_log`),
  KEY `fk_pcs_symphony_impact_logs_pcs_symphony_impacts1` (`id_impact`),
  KEY `fk_pcs_symphony_impact_logs_pcs_common_users1` (`id_user`),
  CONSTRAINT `fk_pcs_symphony_impact_logs_pcs_common_users1` FOREIGN KEY (`id_user`) REFERENCES `pcs_common_users` (`id_user`) ON DELETE NO ACTION ON UPDATE NO ACTION,
  CONSTRAINT `fk_pcs_symphony_impact_logs_pcs_symphony_impacts1` FOREIGN KEY (`id_impact`) REFERENCES `pcs_symphony_impacts` (`id_impact`) ON DELETE NO ACTION ON UPDATE NO ACTION
) ENGINE=InnoDB DEFAULT CHARSET=latin1 COLLATE=latin1_spanish_ci;
/*!40101 SET character_set_client = @saved_cs_client */;

--
-- Dumping data for table `pcs_symphony_impact_logs`
--

LOCK TABLES `pcs_symphony_impact_logs` WRITE;
/*!40000 ALTER TABLE `pcs_symphony_impact_logs` DISABLE KEYS */;
/*!40000 ALTER TABLE `pcs_symphony_impact_logs` ENABLE KEYS */;
UNLOCK TABLES;

--
-- Table structure for table `pcs_symphony_impacts`
--

DROP TABLE IF EXISTS `pcs_symphony_impacts`;
/*!40101 SET @saved_cs_client     = @@character_set_client */;
/*!40101 SET character_set_client = utf8 */;
CREATE TABLE `pcs_symphony_impacts` (
  `id_impact` int(11) unsigned NOT NULL AUTO_INCREMENT,
  `name` varchar(60) COLLATE latin1_spanish_ci NOT NULL,
  `status` int(2) unsigned NOT NULL,
  PRIMARY KEY (`id_impact`)
) ENGINE=InnoDB DEFAULT CHARSET=latin1 COLLATE=latin1_spanish_ci;
/*!40101 SET character_set_client = @saved_cs_client */;

--
-- Dumping data for table `pcs_symphony_impacts`
--

LOCK TABLES `pcs_symphony_impacts` WRITE;
/*!40000 ALTER TABLE `pcs_symphony_impacts` DISABLE KEYS */;
/*!40000 ALTER TABLE `pcs_symphony_impacts` ENABLE KEYS */;
UNLOCK TABLES;

--
-- Table structure for table `pcs_symphony_location_logs`
--

DROP TABLE IF EXISTS `pcs_symphony_location_logs`;
/*!40101 SET @saved_cs_client     = @@character_set_client */;
/*!40101 SET character_set_client = utf8 */;
CREATE TABLE `pcs_symphony_location_logs` (
  `id_location_log` int(10) unsigned NOT NULL AUTO_INCREMENT,
  `id_location` int(11) unsigned NOT NULL,
  `id_user` int(11) unsigned NOT NULL,
  `date_log` timestamp NOT NULL DEFAULT CURRENT_TIMESTAMP ON UPDATE CURRENT_TIMESTAMP,
  `event_type` int(2) unsigned NOT NULL,
  `note` text COLLATE latin1_spanish_ci,
  PRIMARY KEY (`id_location_log`),
  KEY `fk_pcs_symphony_location_logs_pcs_symphony_locations1` (`id_location`),
  KEY `fk_pcs_symphony_location_logs_pcs_common_users1` (`id_user`),
  CONSTRAINT `fk_pcs_symphony_location_logs_pcs_common_users1` FOREIGN KEY (`id_user`) REFERENCES `pcs_common_users` (`id_user`) ON DELETE NO ACTION ON UPDATE NO ACTION,
  CONSTRAINT `fk_pcs_symphony_location_logs_pcs_symphony_locations1` FOREIGN KEY (`id_location`) REFERENCES `pcs_symphony_locations` (`id_location`) ON DELETE NO ACTION ON UPDATE NO ACTION
) ENGINE=InnoDB DEFAULT CHARSET=latin1 COLLATE=latin1_spanish_ci;
/*!40101 SET character_set_client = @saved_cs_client */;

--
-- Dumping data for table `pcs_symphony_location_logs`
--

LOCK TABLES `pcs_symphony_location_logs` WRITE;
/*!40000 ALTER TABLE `pcs_symphony_location_logs` DISABLE KEYS */;
/*!40000 ALTER TABLE `pcs_symphony_location_logs` ENABLE KEYS */;
UNLOCK TABLES;

--
-- Table structure for table `pcs_symphony_locations`
--

DROP TABLE IF EXISTS `pcs_symphony_locations`;
/*!40101 SET @saved_cs_client     = @@character_set_client */;
/*!40101 SET character_set_client = utf8 */;
CREATE TABLE `pcs_symphony_locations` (
  `id_location` int(11) unsigned NOT NULL AUTO_INCREMENT,
  `id_company` int(11) unsigned NOT NULL,
  `name` varchar(45) COLLATE latin1_spanish_ci NOT NULL,
  `status` int(2) unsigned NOT NULL,
  PRIMARY KEY (`id_location`),
  UNIQUE KEY `index3` (`id_company`,`name`),
  KEY `fk_pcs_symphony_locations_pcs_symphony_companies1` (`id_company`),
  CONSTRAINT `fk_pcs_symphony_locations_pcs_symphony_companies1` FOREIGN KEY (`id_company`) REFERENCES `pcs_symphony_companies` (`id_company`) ON DELETE NO ACTION ON UPDATE NO ACTION
) ENGINE=InnoDB AUTO_INCREMENT=3 DEFAULT CHARSET=latin1 COLLATE=latin1_spanish_ci;
/*!40101 SET character_set_client = @saved_cs_client */;

--
-- Dumping data for table `pcs_symphony_locations`
--

LOCK TABLES `pcs_symphony_locations` WRITE;
/*!40000 ALTER TABLE `pcs_symphony_locations` DISABLE KEYS */;
INSERT INTO `pcs_symphony_locations` VALUES (2,1,'Oficinas Principales',1);
/*!40000 ALTER TABLE `pcs_symphony_locations` ENABLE KEYS */;
UNLOCK TABLES;

--
-- Table structure for table `pcs_symphony_notifications`
--

DROP TABLE IF EXISTS `pcs_symphony_notifications`;
/*!40101 SET @saved_cs_client     = @@character_set_client */;
/*!40101 SET character_set_client = utf8 */;
CREATE TABLE `pcs_symphony_notifications` (
  `id_notification` int(11) unsigned NOT NULL AUTO_INCREMENT,
  `id_template_email` int(11) unsigned NOT NULL,
  `id_ticket` int(11) unsigned NOT NULL,
  `to` text COLLATE latin1_spanish_ci NOT NULL,
  `dispatched` tinyint(1) NOT NULL DEFAULT '0',
  `created` timestamp NOT NULL DEFAULT CURRENT_TIMESTAMP ON UPDATE CURRENT_TIMESTAMP,
  `cc` text COLLATE latin1_spanish_ci,
  `bcc` text COLLATE latin1_spanish_ci,
  PRIMARY KEY (`id_notification`),
  KEY `fk_pcs_symphony_notifications_pcs_symphony_template_emails1` (`id_template_email`),
  KEY `fk_pcs_symphony_notifications_pcs_symphony_tickets1` (`id_ticket`),
  CONSTRAINT `fk_pcs_symphony_notifications_pcs_symphony_template_emails1` FOREIGN KEY (`id_template_email`) REFERENCES `pcs_symphony_template_emails` (`id_template_email`) ON DELETE NO ACTION ON UPDATE NO ACTION,
  CONSTRAINT `fk_pcs_symphony_notifications_pcs_symphony_tickets1` FOREIGN KEY (`id_ticket`) REFERENCES `pcs_symphony_tickets` (`id_ticket`) ON DELETE NO ACTION ON UPDATE NO ACTION
) ENGINE=InnoDB DEFAULT CHARSET=latin1 COLLATE=latin1_spanish_ci;
/*!40101 SET character_set_client = @saved_cs_client */;

--
-- Dumping data for table `pcs_symphony_notifications`
--

LOCK TABLES `pcs_symphony_notifications` WRITE;
/*!40000 ALTER TABLE `pcs_symphony_notifications` DISABLE KEYS */;
/*!40000 ALTER TABLE `pcs_symphony_notifications` ENABLE KEYS */;
UNLOCK TABLES;

--
-- Table structure for table `pcs_symphony_position_logs`
--

DROP TABLE IF EXISTS `pcs_symphony_position_logs`;
/*!40101 SET @saved_cs_client     = @@character_set_client */;
/*!40101 SET character_set_client = utf8 */;
CREATE TABLE `pcs_symphony_position_logs` (
  `id_position_log` int(11) unsigned NOT NULL AUTO_INCREMENT,
  `id_position` int(11) unsigned NOT NULL,
  `id_user` int(11) unsigned NOT NULL,
  `date_log` timestamp NOT NULL DEFAULT CURRENT_TIMESTAMP ON UPDATE CURRENT_TIMESTAMP,
  `event_type` int(2) unsigned NOT NULL,
  `note` text COLLATE latin1_spanish_ci,
  PRIMARY KEY (`id_position_log`),
  KEY `fk_pcs_symphony_position_logs_pcs_common_users1` (`id_user`),
  KEY `fk_pcs_symphony_position_logs_pcs_symphony_positions1` (`id_position`),
  CONSTRAINT `fk_pcs_symphony_position_logs_pcs_common_users1` FOREIGN KEY (`id_user`) REFERENCES `pcs_common_users` (`id_user`) ON DELETE NO ACTION ON UPDATE NO ACTION,
  CONSTRAINT `fk_pcs_symphony_position_logs_pcs_symphony_positions1` FOREIGN KEY (`id_position`) REFERENCES `pcs_symphony_positions` (`id_position`) ON DELETE NO ACTION ON UPDATE NO ACTION
) ENGINE=InnoDB DEFAULT CHARSET=latin1 COLLATE=latin1_spanish_ci;
/*!40101 SET character_set_client = @saved_cs_client */;

--
-- Dumping data for table `pcs_symphony_position_logs`
--

LOCK TABLES `pcs_symphony_position_logs` WRITE;
/*!40000 ALTER TABLE `pcs_symphony_position_logs` DISABLE KEYS */;
/*!40000 ALTER TABLE `pcs_symphony_position_logs` ENABLE KEYS */;
UNLOCK TABLES;

--
-- Table structure for table `pcs_symphony_positions`
--

DROP TABLE IF EXISTS `pcs_symphony_positions`;
/*!40101 SET @saved_cs_client     = @@character_set_client */;
/*!40101 SET character_set_client = utf8 */;
CREATE TABLE `pcs_symphony_positions` (
  `id_position` int(11) unsigned NOT NULL AUTO_INCREMENT,
  `id_company` int(11) unsigned NOT NULL,
  `name` varchar(45) COLLATE latin1_spanish_ci NOT NULL,
  `status` int(2) NOT NULL,
  PRIMARY KEY (`id_position`),
  UNIQUE KEY `index3` (`name`,`id_company`),
  KEY `fk_pcs_symphony_positions_pcs_symphony_companies1` (`id_company`),
  CONSTRAINT `fk_pcs_symphony_positions_pcs_symphony_companies1` FOREIGN KEY (`id_company`) REFERENCES `pcs_symphony_companies` (`id_company`) ON DELETE NO ACTION ON UPDATE NO ACTION
) ENGINE=InnoDB AUTO_INCREMENT=3 DEFAULT CHARSET=latin1 COLLATE=latin1_spanish_ci;
/*!40101 SET character_set_client = @saved_cs_client */;

--
-- Dumping data for table `pcs_symphony_positions`
--

LOCK TABLES `pcs_symphony_positions` WRITE;
/*!40000 ALTER TABLE `pcs_symphony_positions` DISABLE KEYS */;
INSERT INTO `pcs_symphony_positions` VALUES (2,1,'Desarrollador',1);
/*!40000 ALTER TABLE `pcs_symphony_positions` ENABLE KEYS */;
UNLOCK TABLES;

--
-- Table structure for table `pcs_symphony_priorities`
--

DROP TABLE IF EXISTS `pcs_symphony_priorities`;
/*!40101 SET @saved_cs_client     = @@character_set_client */;
/*!40101 SET character_set_client = utf8 */;
CREATE TABLE `pcs_symphony_priorities` (
  `id_priority` int(11) unsigned NOT NULL AUTO_INCREMENT,
  `name` varchar(60) COLLATE latin1_spanish_ci NOT NULL,
  `status` int(2) NOT NULL,
  PRIMARY KEY (`id_priority`),
  UNIQUE KEY `name_UNIQUE` (`name`)
) ENGINE=InnoDB DEFAULT CHARSET=latin1 COLLATE=latin1_spanish_ci;
/*!40101 SET character_set_client = @saved_cs_client */;

--
-- Dumping data for table `pcs_symphony_priorities`
--

LOCK TABLES `pcs_symphony_priorities` WRITE;
/*!40000 ALTER TABLE `pcs_symphony_priorities` DISABLE KEYS */;
/*!40000 ALTER TABLE `pcs_symphony_priorities` ENABLE KEYS */;
UNLOCK TABLES;

--
-- Table structure for table `pcs_symphony_priority_logs`
--

DROP TABLE IF EXISTS `pcs_symphony_priority_logs`;
/*!40101 SET @saved_cs_client     = @@character_set_client */;
/*!40101 SET character_set_client = utf8 */;
CREATE TABLE `pcs_symphony_priority_logs` (
  `id_priority_log` int(11) unsigned NOT NULL AUTO_INCREMENT,
  `id_priority` int(11) unsigned NOT NULL,
  `id_user` int(11) unsigned NOT NULL,
  `date_log` timestamp NOT NULL DEFAULT CURRENT_TIMESTAMP ON UPDATE CURRENT_TIMESTAMP,
  `event_type` int(4) NOT NULL,
  `note` text COLLATE latin1_spanish_ci,
  PRIMARY KEY (`id_priority_log`),
  UNIQUE KEY `id_priority_log_UNIQUE` (`id_priority_log`),
  KEY `fk_pcs_symphony_priority_logs_pcs_symphony_priorities1` (`id_priority`),
  KEY `fk_pcs_symphony_priority_logs_pcs_common_users1` (`id_user`),
  CONSTRAINT `fk_pcs_symphony_priority_logs_pcs_common_users1` FOREIGN KEY (`id_user`) REFERENCES `pcs_common_users` (`id_user`) ON DELETE NO ACTION ON UPDATE NO ACTION,
  CONSTRAINT `fk_pcs_symphony_priority_logs_pcs_symphony_priorities1` FOREIGN KEY (`id_priority`) REFERENCES `pcs_symphony_priorities` (`id_priority`) ON DELETE NO ACTION ON UPDATE NO ACTION
) ENGINE=InnoDB DEFAULT CHARSET=latin1 COLLATE=latin1_spanish_ci;
/*!40101 SET character_set_client = @saved_cs_client */;

--
-- Dumping data for table `pcs_symphony_priority_logs`
--

LOCK TABLES `pcs_symphony_priority_logs` WRITE;
/*!40000 ALTER TABLE `pcs_symphony_priority_logs` DISABLE KEYS */;
/*!40000 ALTER TABLE `pcs_symphony_priority_logs` ENABLE KEYS */;
UNLOCK TABLES;

--
-- Table structure for table `pcs_symphony_resolution_logs`
--

DROP TABLE IF EXISTS `pcs_symphony_resolution_logs`;
/*!40101 SET @saved_cs_client     = @@character_set_client */;
/*!40101 SET character_set_client = utf8 */;
CREATE TABLE `pcs_symphony_resolution_logs` (
  `id_resolution_log` int(11) unsigned NOT NULL AUTO_INCREMENT,
  `id_resolution` int(11) unsigned NOT NULL,
  `id_user` int(11) unsigned NOT NULL,
  `date_log` timestamp NOT NULL DEFAULT CURRENT_TIMESTAMP ON UPDATE CURRENT_TIMESTAMP,
  `event_type` int(2) NOT NULL,
  `note` text COLLATE latin1_spanish_ci,
  PRIMARY KEY (`id_resolution_log`),
  KEY `fk_pcs_symphony_resolution_logs_pcs_symphony_resolutions1` (`id_resolution`),
  KEY `fk_pcs_symphony_resolution_logs_pcs_common_users1` (`id_user`),
  CONSTRAINT `fk_pcs_symphony_resolution_logs_pcs_common_users1` FOREIGN KEY (`id_user`) REFERENCES `pcs_common_users` (`id_user`) ON DELETE NO ACTION ON UPDATE NO ACTION,
  CONSTRAINT `fk_pcs_symphony_resolution_logs_pcs_symphony_resolutions1` FOREIGN KEY (`id_resolution`) REFERENCES `pcs_symphony_resolutions` (`id_resolution`) ON DELETE NO ACTION ON UPDATE NO ACTION
) ENGINE=InnoDB DEFAULT CHARSET=latin1 COLLATE=latin1_spanish_ci;
/*!40101 SET character_set_client = @saved_cs_client */;

--
-- Dumping data for table `pcs_symphony_resolution_logs`
--

LOCK TABLES `pcs_symphony_resolution_logs` WRITE;
/*!40000 ALTER TABLE `pcs_symphony_resolution_logs` DISABLE KEYS */;
/*!40000 ALTER TABLE `pcs_symphony_resolution_logs` ENABLE KEYS */;
UNLOCK TABLES;

--
-- Table structure for table `pcs_symphony_resolutions`
--

DROP TABLE IF EXISTS `pcs_symphony_resolutions`;
/*!40101 SET @saved_cs_client     = @@character_set_client */;
/*!40101 SET character_set_client = utf8 */;
CREATE TABLE `pcs_symphony_resolutions` (
  `id_resolution` int(11) unsigned NOT NULL AUTO_INCREMENT,
  `name` varchar(70) COLLATE latin1_spanish_ci NOT NULL,
  `type` int(2) unsigned NOT NULL,
  `status` int(2) NOT NULL,
  PRIMARY KEY (`id_resolution`),
  UNIQUE KEY `name_UNIQUE` (`name`)
) ENGINE=InnoDB DEFAULT CHARSET=latin1 COLLATE=latin1_spanish_ci;
/*!40101 SET character_set_client = @saved_cs_client */;

--
-- Dumping data for table `pcs_symphony_resolutions`
--

LOCK TABLES `pcs_symphony_resolutions` WRITE;
/*!40000 ALTER TABLE `pcs_symphony_resolutions` DISABLE KEYS */;
/*!40000 ALTER TABLE `pcs_symphony_resolutions` ENABLE KEYS */;
UNLOCK TABLES;

--
-- Table structure for table `pcs_symphony_service_level_logs`
--

DROP TABLE IF EXISTS `pcs_symphony_service_level_logs`;
/*!40101 SET @saved_cs_client     = @@character_set_client */;
/*!40101 SET character_set_client = utf8 */;
CREATE TABLE `pcs_symphony_service_level_logs` (
  `id_service_level_log` int(11) unsigned NOT NULL AUTO_INCREMENT,
  `id_service_level` int(11) unsigned NOT NULL,
  `id_user` int(11) unsigned NOT NULL,
  `date_log` timestamp NOT NULL DEFAULT CURRENT_TIMESTAMP ON UPDATE CURRENT_TIMESTAMP,
  `event_type` int(2) unsigned NOT NULL,
  `note` text COLLATE latin1_spanish_ci,
  PRIMARY KEY (`id_service_level_log`),
  KEY `fk_pcs_symphony_service_level_logs_pcs_symphony_service_levels1` (`id_service_level`),
  KEY `fk_pcs_symphony_service_level_logs_pcs_common_users1` (`id_user`),
  CONSTRAINT `fk_pcs_symphony_service_level_logs_pcs_common_users1` FOREIGN KEY (`id_user`) REFERENCES `pcs_common_users` (`id_user`) ON DELETE NO ACTION ON UPDATE NO ACTION,
  CONSTRAINT `fk_pcs_symphony_service_level_logs_pcs_symphony_service_levels1` FOREIGN KEY (`id_service_level`) REFERENCES `pcs_symphony_service_levels` (`id_service_level`) ON DELETE NO ACTION ON UPDATE NO ACTION
) ENGINE=InnoDB DEFAULT CHARSET=latin1 COLLATE=latin1_spanish_ci;
/*!40101 SET character_set_client = @saved_cs_client */;

--
-- Dumping data for table `pcs_symphony_service_level_logs`
--

LOCK TABLES `pcs_symphony_service_level_logs` WRITE;
/*!40000 ALTER TABLE `pcs_symphony_service_level_logs` DISABLE KEYS */;
/*!40000 ALTER TABLE `pcs_symphony_service_level_logs` ENABLE KEYS */;
UNLOCK TABLES;

--
-- Table structure for table `pcs_symphony_service_levels`
--

DROP TABLE IF EXISTS `pcs_symphony_service_levels`;
/*!40101 SET @saved_cs_client     = @@character_set_client */;
/*!40101 SET character_set_client = utf8 */;
CREATE TABLE `pcs_symphony_service_levels` (
  `id_service_level` int(11) unsigned NOT NULL AUTO_INCREMENT,
  `name` varchar(45) COLLATE latin1_spanish_ci NOT NULL,
  `resolution_time` int(10) unsigned NOT NULL,
  `response_time` int(10) unsigned DEFAULT NULL,
  `note` text COLLATE latin1_spanish_ci,
  `status` int(2) unsigned DEFAULT NULL,
  PRIMARY KEY (`id_service_level`),
  UNIQUE KEY `name_UNIQUE` (`name`),
  KEY `status` (`status`)
) ENGINE=InnoDB DEFAULT CHARSET=latin1 COLLATE=latin1_spanish_ci;
/*!40101 SET character_set_client = @saved_cs_client */;

--
-- Dumping data for table `pcs_symphony_service_levels`
--

LOCK TABLES `pcs_symphony_service_levels` WRITE;
/*!40000 ALTER TABLE `pcs_symphony_service_levels` DISABLE KEYS */;
/*!40000 ALTER TABLE `pcs_symphony_service_levels` ENABLE KEYS */;
UNLOCK TABLES;

--
-- Table structure for table `pcs_symphony_sessions`
--

DROP TABLE IF EXISTS `pcs_symphony_sessions`;
/*!40101 SET @saved_cs_client     = @@character_set_client */;
/*!40101 SET character_set_client = utf8 */;
CREATE TABLE `pcs_symphony_sessions` (
  `id_session` int(11) unsigned NOT NULL AUTO_INCREMENT,
  `id_user` int(11) unsigned NOT NULL,
  `hash` varchar(45) COLLATE latin1_spanish_ci NOT NULL,
  `last_request` timestamp NOT NULL DEFAULT CURRENT_TIMESTAMP ON UPDATE CURRENT_TIMESTAMP,
  PRIMARY KEY (`id_session`),
  KEY `fk_pcs_symphony_sessions_pcs_common_users1` (`id_user`),
  CONSTRAINT `fk_pcs_symphony_sessions_pcs_common_users1` FOREIGN KEY (`id_user`) REFERENCES `pcs_common_users` (`id_user`) ON DELETE NO ACTION ON UPDATE NO ACTION
) ENGINE=InnoDB AUTO_INCREMENT=3 DEFAULT CHARSET=latin1 COLLATE=latin1_spanish_ci;
/*!40101 SET character_set_client = @saved_cs_client */;

--
-- Dumping data for table `pcs_symphony_sessions`
--

LOCK TABLES `pcs_symphony_sessions` WRITE;
/*!40000 ALTER TABLE `pcs_symphony_sessions` DISABLE KEYS */;
INSERT INTO `pcs_symphony_sessions` VALUES (2,1,'110f0ab429abc6b8e4a11dbb314cc5fe','2012-05-07 15:37:33');
/*!40000 ALTER TABLE `pcs_symphony_sessions` ENABLE KEYS */;
UNLOCK TABLES;

--
-- Table structure for table `pcs_symphony_template_email_logs`
--

DROP TABLE IF EXISTS `pcs_symphony_template_email_logs`;
/*!40101 SET @saved_cs_client     = @@character_set_client */;
/*!40101 SET character_set_client = utf8 */;
CREATE TABLE `pcs_symphony_template_email_logs` (
  `id_template_email_log` int(11) unsigned NOT NULL AUTO_INCREMENT,
  `id_template_email` int(11) unsigned NOT NULL,
  `id_user` int(11) unsigned NOT NULL,
  `date_log` timestamp NOT NULL DEFAULT CURRENT_TIMESTAMP ON UPDATE CURRENT_TIMESTAMP,
  `event_type` int(2) unsigned NOT NULL,
  `note` text COLLATE latin1_spanish_ci,
  PRIMARY KEY (`id_template_email_log`),
  KEY `fk_pcs_symphony_template_email_logs_pcs_symphony_template_ema1` (`id_template_email`),
  KEY `fk_pcs_symphony_template_email_logs_pcs_common_users1` (`id_user`),
  CONSTRAINT `fk_pcs_symphony_template_email_logs_pcs_common_users1` FOREIGN KEY (`id_user`) REFERENCES `pcs_common_users` (`id_user`) ON DELETE NO ACTION ON UPDATE NO ACTION,
  CONSTRAINT `fk_pcs_symphony_template_email_logs_pcs_symphony_template_ema1` FOREIGN KEY (`id_template_email`) REFERENCES `pcs_symphony_template_emails` (`id_template_email`) ON DELETE NO ACTION ON UPDATE NO ACTION
) ENGINE=InnoDB DEFAULT CHARSET=latin1 COLLATE=latin1_spanish_ci;
/*!40101 SET character_set_client = @saved_cs_client */;

--
-- Dumping data for table `pcs_symphony_template_email_logs`
--

LOCK TABLES `pcs_symphony_template_email_logs` WRITE;
/*!40000 ALTER TABLE `pcs_symphony_template_email_logs` DISABLE KEYS */;
/*!40000 ALTER TABLE `pcs_symphony_template_email_logs` ENABLE KEYS */;
UNLOCK TABLES;

--
-- Table structure for table `pcs_symphony_template_emails`
--

DROP TABLE IF EXISTS `pcs_symphony_template_emails`;
/*!40101 SET @saved_cs_client     = @@character_set_client */;
/*!40101 SET character_set_client = utf8 */;
CREATE TABLE `pcs_symphony_template_emails` (
  `id_template_email` int(11) unsigned NOT NULL AUTO_INCREMENT,
  `name` varchar(45) COLLATE latin1_spanish_ci NOT NULL,
  `subject` varchar(255) COLLATE latin1_spanish_ci NOT NULL,
  `body` text COLLATE latin1_spanish_ci NOT NULL,
  `event` varchar(60) COLLATE latin1_spanish_ci NOT NULL,
  `status` int(2) unsigned NOT NULL,
  `to_employee` tinyint(1) NOT NULL DEFAULT '0',
  `to_user` tinyint(1) NOT NULL DEFAULT '0',
  `to_group` tinyint(1) NOT NULL DEFAULT '0',
  PRIMARY KEY (`id_template_email`),
  UNIQUE KEY `name` (`name`)
) ENGINE=InnoDB DEFAULT CHARSET=latin1 COLLATE=latin1_spanish_ci;
/*!40101 SET character_set_client = @saved_cs_client */;

--
-- Dumping data for table `pcs_symphony_template_emails`
--

LOCK TABLES `pcs_symphony_template_emails` WRITE;
/*!40000 ALTER TABLE `pcs_symphony_template_emails` DISABLE KEYS */;
/*!40000 ALTER TABLE `pcs_symphony_template_emails` ENABLE KEYS */;
UNLOCK TABLES;

--
-- Table structure for table `pcs_symphony_ticket_logs`
--

DROP TABLE IF EXISTS `pcs_symphony_ticket_logs`;
/*!40101 SET @saved_cs_client     = @@character_set_client */;
/*!40101 SET character_set_client = utf8 */;
CREATE TABLE `pcs_symphony_ticket_logs` (
  `id_ticket_log` int(11) unsigned NOT NULL AUTO_INCREMENT,
  `id_ticket` int(11) unsigned NOT NULL,
  `id_user` int(11) unsigned NOT NULL,
  `date_log` timestamp NOT NULL DEFAULT CURRENT_TIMESTAMP ON UPDATE CURRENT_TIMESTAMP,
  `event_type` int(2) unsigned NOT NULL,
  `changed_from` int(2) unsigned NOT NULL,
  `changed_to` int(2) unsigned NOT NULL,
  `note` text COLLATE latin1_spanish_ci,
  PRIMARY KEY (`id_ticket_log`),
  KEY `fk_pcs_symphony_ticket_logs_pcs_symphony_tickets1` (`id_ticket`),
  KEY `fk_pcs_symphony_ticket_logs_pcs_common_users1` (`id_user`),
  CONSTRAINT `fk_pcs_symphony_ticket_logs_pcs_common_users1` FOREIGN KEY (`id_user`) REFERENCES `pcs_common_users` (`id_user`) ON DELETE NO ACTION ON UPDATE NO ACTION,
  CONSTRAINT `fk_pcs_symphony_ticket_logs_pcs_symphony_tickets1` FOREIGN KEY (`id_ticket`) REFERENCES `pcs_symphony_tickets` (`id_ticket`) ON DELETE NO ACTION ON UPDATE NO ACTION
) ENGINE=InnoDB DEFAULT CHARSET=latin1 COLLATE=latin1_spanish_ci;
/*!40101 SET character_set_client = @saved_cs_client */;

--
-- Dumping data for table `pcs_symphony_ticket_logs`
--

LOCK TABLES `pcs_symphony_ticket_logs` WRITE;
/*!40000 ALTER TABLE `pcs_symphony_ticket_logs` DISABLE KEYS */;
/*!40000 ALTER TABLE `pcs_symphony_ticket_logs` ENABLE KEYS */;
UNLOCK TABLES;

--
-- Table structure for table `pcs_symphony_ticket_type_logs`
--

DROP TABLE IF EXISTS `pcs_symphony_ticket_type_logs`;
/*!40101 SET @saved_cs_client     = @@character_set_client */;
/*!40101 SET character_set_client = utf8 */;
CREATE TABLE `pcs_symphony_ticket_type_logs` (
  `id_ticket_type_log` int(11) unsigned NOT NULL AUTO_INCREMENT,
  `id_ticket_type` int(11) unsigned NOT NULL,
  `id_user` int(11) unsigned NOT NULL,
  `date_log` timestamp NOT NULL DEFAULT CURRENT_TIMESTAMP ON UPDATE CURRENT_TIMESTAMP,
  `event_log` int(2) NOT NULL,
  `note` text COLLATE latin1_spanish_ci,
  PRIMARY KEY (`id_ticket_type_log`),
  KEY `fk_pcs_symphony_ticket_type_logs_pcs_symphony_ticket_types1` (`id_ticket_type`),
  KEY `fk_pcs_symphony_ticket_type_logs_pcs_common_users1` (`id_user`),
  CONSTRAINT `fk_pcs_symphony_ticket_type_logs_pcs_common_users1` FOREIGN KEY (`id_user`) REFERENCES `pcs_common_users` (`id_user`) ON DELETE NO ACTION ON UPDATE NO ACTION,
  CONSTRAINT `fk_pcs_symphony_ticket_type_logs_pcs_symphony_ticket_types1` FOREIGN KEY (`id_ticket_type`) REFERENCES `pcs_symphony_ticket_types` (`id_ticket_type`) ON DELETE NO ACTION ON UPDATE NO ACTION
) ENGINE=InnoDB DEFAULT CHARSET=latin1 COLLATE=latin1_spanish_ci;
/*!40101 SET character_set_client = @saved_cs_client */;

--
-- Dumping data for table `pcs_symphony_ticket_type_logs`
--

LOCK TABLES `pcs_symphony_ticket_type_logs` WRITE;
/*!40000 ALTER TABLE `pcs_symphony_ticket_type_logs` DISABLE KEYS */;
/*!40000 ALTER TABLE `pcs_symphony_ticket_type_logs` ENABLE KEYS */;
UNLOCK TABLES;

--
-- Table structure for table `pcs_symphony_ticket_types`
--

DROP TABLE IF EXISTS `pcs_symphony_ticket_types`;
/*!40101 SET @saved_cs_client     = @@character_set_client */;
/*!40101 SET character_set_client = utf8 */;
CREATE TABLE `pcs_symphony_ticket_types` (
  `id_ticket_type` int(11) unsigned NOT NULL AUTO_INCREMENT,
  `name` varchar(70) COLLATE latin1_spanish_ci NOT NULL,
  `status` int(2) unsigned NOT NULL,
  PRIMARY KEY (`id_ticket_type`),
  UNIQUE KEY `name_UNIQUE` (`name`)
) ENGINE=InnoDB DEFAULT CHARSET=latin1 COLLATE=latin1_spanish_ci;
/*!40101 SET character_set_client = @saved_cs_client */;

--
-- Dumping data for table `pcs_symphony_ticket_types`
--

LOCK TABLES `pcs_symphony_ticket_types` WRITE;
/*!40000 ALTER TABLE `pcs_symphony_ticket_types` DISABLE KEYS */;
/*!40000 ALTER TABLE `pcs_symphony_ticket_types` ENABLE KEYS */;
UNLOCK TABLES;

--
-- Table structure for table `pcs_symphony_tickets`
--

DROP TABLE IF EXISTS `pcs_symphony_tickets`;
/*!40101 SET @saved_cs_client     = @@character_set_client */;
/*!40101 SET character_set_client = utf8 */;
CREATE TABLE `pcs_symphony_tickets` (
  `id_ticket` int(11) unsigned NOT NULL AUTO_INCREMENT,
  `id_employee` int(11) unsigned NOT NULL,
  `id_company` int(11) unsigned NOT NULL,
  `id_category` int(11) unsigned NOT NULL,
  `id_priority` int(11) unsigned NOT NULL,
  `id_impact` int(11) unsigned NOT NULL,
  `id_channel` int(11) unsigned NOT NULL,
  `id_ticket_type` int(11) unsigned NOT NULL,
  `status` int(2) NOT NULL,
  `description` text COLLATE latin1_spanish_ci NOT NULL,
  `created` timestamp NOT NULL DEFAULT CURRENT_TIMESTAMP ON UPDATE CURRENT_TIMESTAMP,
  `scheduled_date` datetime DEFAULT NULL,
  `id_user` int(11) unsigned NOT NULL,
  `is_stopped` tinyint(1) NOT NULL DEFAULT '0',
  `id_assignment` int(11) unsigned DEFAULT NULL,
  PRIMARY KEY (`id_ticket`),
  KEY `fk_pcs_symphony_tickets_pcs_symphony_employees1` (`id_employee`),
  KEY `fk_pcs_symphony_tickets_pcs_symphony_priorities1` (`id_priority`),
  KEY `fk_pcs_symphony_tickets_pcs_symphony_impacts1` (`id_impact`),
  KEY `fk_pcs_symphony_tickets_pcs_symphony_channels1` (`id_channel`),
  KEY `fk_pcs_symphony_tickets_pcs_symphony_ticket_types1` (`id_ticket_type`),
  KEY `fk_pcs_symphony_tickets_pcs_symphony_categories1` (`id_category`),
  KEY `fk_pcs_symphony_tickets_pcs_symphony_companies1` (`id_company`),
  KEY `id_user` (`id_user`),
  KEY `id_assignment` (`id_assignment`),
  CONSTRAINT `fk_pcs_symphony_tickets_pcs_symphony_categories1` FOREIGN KEY (`id_category`) REFERENCES `pcs_symphony_categories` (`id_category`) ON DELETE NO ACTION ON UPDATE NO ACTION,
  CONSTRAINT `fk_pcs_symphony_tickets_pcs_symphony_channels1` FOREIGN KEY (`id_channel`) REFERENCES `pcs_symphony_channels` (`id_channel`) ON DELETE NO ACTION ON UPDATE NO ACTION,
  CONSTRAINT `fk_pcs_symphony_tickets_pcs_symphony_companies1` FOREIGN KEY (`id_company`) REFERENCES `pcs_symphony_companies` (`id_company`) ON DELETE NO ACTION ON UPDATE NO ACTION,
  CONSTRAINT `fk_pcs_symphony_tickets_pcs_symphony_employees1` FOREIGN KEY (`id_employee`) REFERENCES `pcs_symphony_employees` (`id_employee`) ON DELETE NO ACTION ON UPDATE NO ACTION,
  CONSTRAINT `fk_pcs_symphony_tickets_pcs_symphony_impacts1` FOREIGN KEY (`id_impact`) REFERENCES `pcs_symphony_impacts` (`id_impact`) ON DELETE NO ACTION ON UPDATE NO ACTION,
  CONSTRAINT `fk_pcs_symphony_tickets_pcs_symphony_priorities1` FOREIGN KEY (`id_priority`) REFERENCES `pcs_symphony_priorities` (`id_priority`) ON DELETE NO ACTION ON UPDATE NO ACTION,
  CONSTRAINT `fk_pcs_symphony_tickets_pcs_symphony_ticket_types1` FOREIGN KEY (`id_ticket_type`) REFERENCES `pcs_symphony_ticket_types` (`id_ticket_type`) ON DELETE NO ACTION ON UPDATE NO ACTION,
  CONSTRAINT `pcs_symphony_tickets_ibfk_1` FOREIGN KEY (`id_user`) REFERENCES `pcs_common_users` (`id_user`) ON DELETE NO ACTION ON UPDATE NO ACTION,
  CONSTRAINT `pcs_symphony_tickets_ibfk_2` FOREIGN KEY (`id_assignment`) REFERENCES `pcs_symphony_assignments` (`id_assignment`) ON DELETE NO ACTION ON UPDATE NO ACTION
) ENGINE=InnoDB DEFAULT CHARSET=latin1 COLLATE=latin1_spanish_ci;
/*!40101 SET character_set_client = @saved_cs_client */;

--
-- Dumping data for table `pcs_symphony_tickets`
--

LOCK TABLES `pcs_symphony_tickets` WRITE;
/*!40000 ALTER TABLE `pcs_symphony_tickets` DISABLE KEYS */;
/*!40000 ALTER TABLE `pcs_symphony_tickets` ENABLE KEYS */;
UNLOCK TABLES;

--
-- Table structure for table `pcs_symphony_user_group`
--

DROP TABLE IF EXISTS `pcs_symphony_user_group`;
/*!40101 SET @saved_cs_client     = @@character_set_client */;
/*!40101 SET character_set_client = utf8 */;
CREATE TABLE `pcs_symphony_user_group` (
  `id_user` int(11) unsigned NOT NULL,
  `id_group` int(11) unsigned NOT NULL,
  PRIMARY KEY (`id_user`,`id_group`),
  KEY `fk_pcs_common_users_pcs_symphony_groups_pcs_symphony_groups1` (`id_group`),
  KEY `fk_pcs_common_users_pcs_symphony_groups_pcs_common_users1` (`id_user`),
  CONSTRAINT `fk_pcs_common_users_pcs_symphony_groups_pcs_common_users1` FOREIGN KEY (`id_user`) REFERENCES `pcs_common_users` (`id_user`) ON DELETE NO ACTION ON UPDATE NO ACTION,
  CONSTRAINT `fk_pcs_common_users_pcs_symphony_groups_pcs_symphony_groups1` FOREIGN KEY (`id_group`) REFERENCES `pcs_symphony_groups` (`id_group`) ON DELETE NO ACTION ON UPDATE NO ACTION
) ENGINE=InnoDB DEFAULT CHARSET=latin1 COLLATE=latin1_spanish_ci;
/*!40101 SET character_set_client = @saved_cs_client */;

--
-- Dumping data for table `pcs_symphony_user_group`
--

LOCK TABLES `pcs_symphony_user_group` WRITE;
/*!40000 ALTER TABLE `pcs_symphony_user_group` DISABLE KEYS */;
/*!40000 ALTER TABLE `pcs_symphony_user_group` ENABLE KEYS */;
UNLOCK TABLES;

--
-- Table structure for table `pcs_symphony_workdays`
--

DROP TABLE IF EXISTS `pcs_symphony_workdays`;
/*!40101 SET @saved_cs_client     = @@character_set_client */;
/*!40101 SET character_set_client = utf8 */;
CREATE TABLE `pcs_symphony_workdays` (
  `id_workday` int(11) unsigned NOT NULL AUTO_INCREMENT,
  `id_workweek` int(11) unsigned NOT NULL,
  `day_of_week` int(2) unsigned NOT NULL,
  `start_time` time NOT NULL,
  `lunch_start_time` time DEFAULT NULL,
  `lunch_end_time` time DEFAULT NULL,
  `end_time` time NOT NULL,
  PRIMARY KEY (`id_workday`),
  KEY `fk_pcs_symphony_workdays_pcs_symphony_workweeks1` (`id_workweek`),
  CONSTRAINT `fk_pcs_symphony_workdays_pcs_symphony_workweeks1` FOREIGN KEY (`id_workweek`) REFERENCES `pcs_symphony_workweeks` (`id_workweek`) ON DELETE NO ACTION ON UPDATE NO ACTION
) ENGINE=InnoDB DEFAULT CHARSET=latin1 COLLATE=latin1_spanish_ci;
/*!40101 SET character_set_client = @saved_cs_client */;

--
-- Dumping data for table `pcs_symphony_workdays`
--

LOCK TABLES `pcs_symphony_workdays` WRITE;
/*!40000 ALTER TABLE `pcs_symphony_workdays` DISABLE KEYS */;
/*!40000 ALTER TABLE `pcs_symphony_workdays` ENABLE KEYS */;
UNLOCK TABLES;

--
-- Table structure for table `pcs_symphony_workweek_logs`
--

DROP TABLE IF EXISTS `pcs_symphony_workweek_logs`;
/*!40101 SET @saved_cs_client     = @@character_set_client */;
/*!40101 SET character_set_client = utf8 */;
CREATE TABLE `pcs_symphony_workweek_logs` (
  `id_workweek_log` int(11) unsigned NOT NULL AUTO_INCREMENT,
  `id_workweek` int(11) unsigned NOT NULL,
  `id_user` int(11) unsigned NOT NULL,
  `date_log` timestamp NOT NULL DEFAULT CURRENT_TIMESTAMP ON UPDATE CURRENT_TIMESTAMP,
  `event_type` int(2) unsigned NOT NULL,
  `note` text COLLATE latin1_spanish_ci,
  PRIMARY KEY (`id_workweek_log`),
  KEY `fk_pcs_symphony_workweek_logs_pcs_symphony_workweeks1` (`id_workweek`),
  KEY `fk_pcs_symphony_workweek_logs_pcs_common_users1` (`id_user`),
  CONSTRAINT `fk_pcs_symphony_workweek_logs_pcs_common_users1` FOREIGN KEY (`id_user`) REFERENCES `pcs_common_users` (`id_user`) ON DELETE NO ACTION ON UPDATE NO ACTION,
  CONSTRAINT `fk_pcs_symphony_workweek_logs_pcs_symphony_workweeks1` FOREIGN KEY (`id_workweek`) REFERENCES `pcs_symphony_workweeks` (`id_workweek`) ON DELETE NO ACTION ON UPDATE NO ACTION
) ENGINE=InnoDB DEFAULT CHARSET=latin1 COLLATE=latin1_spanish_ci;
/*!40101 SET character_set_client = @saved_cs_client */;

--
-- Dumping data for table `pcs_symphony_workweek_logs`
--

LOCK TABLES `pcs_symphony_workweek_logs` WRITE;
/*!40000 ALTER TABLE `pcs_symphony_workweek_logs` DISABLE KEYS */;
/*!40000 ALTER TABLE `pcs_symphony_workweek_logs` ENABLE KEYS */;
UNLOCK TABLES;

--
-- Table structure for table `pcs_symphony_workweeks`
--

DROP TABLE IF EXISTS `pcs_symphony_workweeks`;
/*!40101 SET @saved_cs_client     = @@character_set_client */;
/*!40101 SET character_set_client = utf8 */;
CREATE TABLE `pcs_symphony_workweeks` (
  `id_workweek` int(11) unsigned NOT NULL AUTO_INCREMENT,
  `name` varchar(45) COLLATE latin1_spanish_ci NOT NULL,
  `status` int(2) unsigned NOT NULL,
  PRIMARY KEY (`id_workweek`),
  UNIQUE KEY `name` (`name`)
) ENGINE=InnoDB DEFAULT CHARSET=latin1 COLLATE=latin1_spanish_ci;
/*!40101 SET character_set_client = @saved_cs_client */;

--
-- Dumping data for table `pcs_symphony_workweeks`
--

LOCK TABLES `pcs_symphony_workweeks` WRITE;
/*!40000 ALTER TABLE `pcs_symphony_workweeks` DISABLE KEYS */;
/*!40000 ALTER TABLE `pcs_symphony_workweeks` ENABLE KEYS */;
UNLOCK TABLES;

--
-- Dumping routines for database 'symphony_dev'
--
/*!50003 DROP PROCEDURE IF EXISTS `generate_calendar` */;
/*!50003 SET @saved_cs_client      = @@character_set_client */ ;
/*!50003 SET @saved_cs_results     = @@character_set_results */ ;
/*!50003 SET @saved_col_connection = @@collation_connection */ ;
/*!50003 SET character_set_client  = latin1 */ ;
/*!50003 SET character_set_results = latin1 */ ;
/*!50003 SET collation_connection  = latin1_swedish_ci */ ;
/*!50003 SET @saved_sql_mode       = @@sql_mode */ ;
/*!50003 SET sql_mode              = '' */ ;
DELIMITER ;;
/*!50003 CREATE*/ /*!50020 DEFINER=`root`@`localhost`*/ /*!50003 PROCEDURE `generate_calendar`(IN dateStart DATE, IN dateEnd DATE)
BEGIN

  DECLARE dateAux DATE;
  DECLARE isWeekend BOOLEAN;

  TRUNCATE TABLE pcs_common_calendar;

  SET dateAux = dateStart;

  WHILE ( dateAux < dateEnd ) DO
  
     SET isWeekend = DAYNAME(dateAux) IN('Sunday', 'Saturday');

     INSERT INTO pcs_common_calendar ( date, is_weekend) VALUES ( dateAux, isWeekend);

     SET dateAux = DATE_ADD( dateAux, INTERVAL 1 DAY);

  END WHILE;

END */;;
DELIMITER ;
/*!50003 SET sql_mode              = @saved_sql_mode */ ;
/*!50003 SET character_set_client  = @saved_cs_client */ ;
/*!50003 SET character_set_results = @saved_cs_results */ ;
/*!50003 SET collation_connection  = @saved_col_connection */ ;
/*!40103 SET TIME_ZONE=@OLD_TIME_ZONE */;

/*!40101 SET SQL_MODE=@OLD_SQL_MODE */;
/*!40014 SET FOREIGN_KEY_CHECKS=@OLD_FOREIGN_KEY_CHECKS */;
/*!40014 SET UNIQUE_CHECKS=@OLD_UNIQUE_CHECKS */;
/*!40101 SET CHARACTER_SET_CLIENT=@OLD_CHARACTER_SET_CLIENT */;
/*!40101 SET CHARACTER_SET_RESULTS=@OLD_CHARACTER_SET_RESULTS */;
/*!40101 SET COLLATION_CONNECTION=@OLD_COLLATION_CONNECTION */;
/*!40111 SET SQL_NOTES=@OLD_SQL_NOTES */;

-- Dump completed on 2012-05-07 10:37:59
